date,year,month,sst
1950-01-01,1950,1,23.11
1950-02-01,1950,2,24.2
1950-03-01,1950,3,25.37
1950-04-01,1950,4,23.86
1950-05-01,1950,5,23.03
1950-06-01,1950,6,21.57
1950-07-01,1950,7,20.63
1950-08-01,1950,8,20.15
1950-09-01,1950,9,19.67
1950-10-01,1950,10,20.03
1950-11-01,1950,11,20.02
1950-12-01,1950,12,21.8
1951-01-01,1951,1,24.19
1951-02-01,1951,2,25.28
1951-03-01,1951,3,25.6
1951-04-01,1951,4,25.37
1951-05-01,1951,5,24.79
1951-06-01,1951,6,24.69
1951-07-01,1951,7,23.86
1951-08-01,1951,8,22.32
1951-09-01,1951,9,21.44
1951-10-01,1951,10,21.77
1951-11-01,1951,11,22.33
1951-12-01,1951,12,22.89
1952-01-01,1952,1,24.52
1952-02-01,1952,2,26.21
1952-03-01,1952,3,26.37
1952-04-01,1952,4,24.73
1952-05-01,1952,5,23.71
1952-06-01,1952,6,22.34
1952-07-01,1952,7,20.89
1952-08-01,1952,8,20.02
1952-09-01,1952,9,19.63
1952-10-01,1952,10,20.4
1952-11-01,1952,11,20.77
1952-12-01,1952,12,22.39
1953-01-01,1953,1,24.15
1953-02-01,1953,2,26.34
1953-03-01,1953,3,27.36
1953-04-01,1953,4,27.03
1953-05-01,1953,5,25.47
1953-06-01,1953,6,23.49
1953-07-01,1953,7,22.2
1953-08-01,1953,8,21.45
1953-09-01,1953,9,21.25
1953-10-01,1953,10,20.95
1953-11-01,1953,11,21.6
1953-12-01,1953,12,22.44
1954-01-01,1954,1,23.02
1954-02-01,1954,2,25.0
1954-03-01,1954,3,25.33
1954-04-01,1954,4,22.97
1954-05-01,1954,5,21.73
1954-06-01,1954,6,20.77
1954-07-01,1954,7,19.52
1954-08-01,1954,8,19.33
1954-09-01,1954,9,18.95
1954-10-01,1954,10,19.11
1954-11-01,1954,11,20.27
1954-12-01,1954,12,21.3
1955-01-01,1955,1,23.75
1955-02-01,1955,2,24.82
1955-03-01,1955,3,25.14
1955-04-01,1955,4,24.22
1955-05-01,1955,5,22.16
1955-06-01,1955,6,21.2
1955-07-01,1955,7,20.46
1955-08-01,1955,8,19.63
1955-09-01,1955,9,19.24
1955-10-01,1955,10,19.16
1955-11-01,1955,11,19.84
1955-12-01,1955,12,21.19
1956-01-01,1956,1,23.24
1956-02-01,1956,2,24.71
1956-03-01,1956,3,25.9
1956-04-01,1956,4,24.66
1956-05-01,1956,5,23.14
1956-06-01,1956,6,22.04
1956-07-01,1956,7,21.47
1956-08-01,1956,8,20.55
1956-09-01,1956,9,19.89
1956-10-01,1956,10,19.69
1956-11-01,1956,11,20.57
1956-12-01,1956,12,21.58
1957-01-01,1957,1,23.13
1957-02-01,1957,2,26.3
1957-03-01,1957,3,27.63
1957-04-01,1957,4,27.15
1957-05-01,1957,5,26.72
1957-06-01,1957,6,25.04
1957-07-01,1957,7,23.83
1957-08-01,1957,8,22.34
1957-09-01,1957,9,21.8
1957-10-01,1957,10,21.8
1957-11-01,1957,11,22.39
1957-12-01,1957,12,23.69
1958-01-01,1958,1,24.89
1958-02-01,1958,2,26.55
1958-03-01,1958,3,27.09
1958-04-01,1958,4,26.37
1958-05-01,1958,5,24.71
1958-06-01,1958,6,23.23
1958-07-01,1958,7,22.31
1958-08-01,1958,8,20.72
1958-09-01,1958,9,20.62
1958-10-01,1958,10,21.05
1958-11-01,1958,11,21.52
1958-12-01,1958,12,22.5
1959-01-01,1959,1,23.97
1959-02-01,1959,2,25.9
1959-03-01,1959,3,26.94
1959-04-01,1959,4,25.84
1959-05-01,1959,5,24.23
1959-06-01,1959,6,22.57
1959-07-01,1959,7,21.5
1959-08-01,1959,8,20.15
1959-09-01,1959,9,20.23
1959-10-01,1959,10,20.86
1959-11-01,1959,11,21.88
1959-12-01,1959,12,22.55
1960-01-01,1960,1,24.4
1960-02-01,1960,2,25.59
1960-03-01,1960,3,26.01
1960-04-01,1960,4,24.66
1960-05-01,1960,5,23.53
1960-06-01,1960,6,21.83
1960-07-01,1960,7,20.73
1960-08-01,1960,8,20.1
1960-09-01,1960,9,20.56
1960-10-01,1960,10,20.27
1960-11-01,1960,11,20.93
1960-12-01,1960,12,22.74
1961-01-01,1961,1,24.58
1961-02-01,1961,2,26.66
1961-03-01,1961,3,25.95
1961-04-01,1961,4,25.17
1961-05-01,1961,5,23.6
1961-06-01,1961,6,22.36
1961-07-01,1961,7,20.52
1961-08-01,1961,8,19.97
1961-09-01,1961,9,19.7
1961-10-01,1961,10,20.07
1961-11-01,1961,11,21.09
1961-12-01,1961,12,22.11
1962-01-01,1962,1,24.02
1962-02-01,1962,2,25.35
1962-03-01,1962,3,24.47
1962-04-01,1962,4,23.43
1962-05-01,1962,5,23.03
1962-06-01,1962,6,21.81
1962-07-01,1962,7,20.6
1962-08-01,1962,8,20.17
1962-09-01,1962,9,20.02
1962-10-01,1962,10,20.14
1962-11-01,1962,11,20.99
1962-12-01,1962,12,21.82
1963-01-01,1963,1,23.81
1963-02-01,1963,2,25.36
1963-03-01,1963,3,26.02
1963-04-01,1963,4,24.67
1963-05-01,1963,5,23.97
1963-06-01,1963,6,22.41
1963-07-01,1963,7,21.8
1963-08-01,1963,8,21.31
1963-09-01,1963,9,21.0
1963-10-01,1963,10,21.13
1963-11-01,1963,11,21.64
1963-12-01,1963,12,22.55
1964-01-01,1964,1,24.15
1964-02-01,1964,2,25.08
1964-03-01,1964,3,25.3
1964-04-01,1964,4,24.61
1964-05-01,1964,5,21.93
1964-06-01,1964,6,21.44
1964-07-01,1964,7,20.25
1964-08-01,1964,8,19.48
1964-09-01,1964,9,19.67
1964-10-01,1964,10,19.79
1964-11-01,1964,11,20.88
1964-12-01,1964,12,21.83
1965-01-01,1965,1,24.22
1965-02-01,1965,2,26.17
1965-03-01,1965,3,26.71
1965-04-01,1965,4,27.01
1965-05-01,1965,5,26.09
1965-06-01,1965,6,24.6
1965-07-01,1965,7,23.26
1965-08-01,1965,8,22.54
1965-09-01,1965,9,21.26
1965-10-01,1965,10,21.57
1965-11-01,1965,11,22.29
1965-12-01,1965,12,23.35
1966-01-01,1966,1,25.15
1966-02-01,1966,2,25.88
1966-03-01,1966,3,25.35
1966-04-01,1966,4,24.26
1966-05-01,1966,5,22.92
1966-06-01,1966,6,21.8
1966-07-01,1966,7,20.85
1966-08-01,1966,8,20.17
1966-09-01,1966,9,20.04
1966-10-01,1966,10,20.51
1966-11-01,1966,11,21.03
1966-12-01,1966,12,22.25
1967-01-01,1967,1,23.66
1967-02-01,1967,2,25.54
1967-03-01,1967,3,25.55
1967-04-01,1967,4,24.98
1967-05-01,1967,5,23.77
1967-06-01,1967,6,22.04
1967-07-01,1967,7,21.1
1967-08-01,1967,8,19.84
1967-09-01,1967,9,19.08
1967-10-01,1967,10,19.47
1967-11-01,1967,11,20.2
1967-12-01,1967,12,21.28
1968-01-01,1968,1,23.19
1968-02-01,1968,2,24.88
1968-03-01,1968,3,25.11
1968-04-01,1968,4,23.97
1968-05-01,1968,5,22.44
1968-06-01,1968,6,21.7
1968-07-01,1968,7,21.25
1968-08-01,1968,8,20.97
1968-09-01,1968,9,21.23
1968-10-01,1968,10,21.12
1968-11-01,1968,11,21.68
1968-12-01,1968,12,23.2
1969-01-01,1969,1,24.67
1969-02-01,1969,2,25.56
1969-03-01,1969,3,27.09
1969-04-01,1969,4,26.66
1969-05-01,1969,5,26.07
1969-06-01,1969,6,24.39
1969-07-01,1969,7,22.47
1969-08-01,1969,8,21.06
1969-09-01,1969,9,20.88
1969-10-01,1969,10,21.74
1969-11-01,1969,11,22.47
1969-12-01,1969,12,23.6
1970-01-01,1970,1,25.02
1970-02-01,1970,2,25.76
1970-03-01,1970,3,25.53
1970-04-01,1970,4,24.76
1970-05-01,1970,5,22.94
1970-06-01,1970,6,21.27
1970-07-01,1970,7,19.69
1970-08-01,1970,8,19.27
1970-09-01,1970,9,19.5
1970-10-01,1970,10,20.16
1970-11-01,1970,11,20.61
1970-12-01,1970,12,21.77
1971-01-01,1971,1,23.33
1971-02-01,1971,2,24.58
1971-03-01,1971,3,25.24
1971-04-01,1971,4,24.95
1971-05-01,1971,5,23.29
1971-06-01,1971,6,21.6
1971-07-01,1971,7,21.01
1971-08-01,1971,8,19.97
1971-09-01,1971,9,19.74
1971-10-01,1971,10,19.88
1971-11-01,1971,11,20.94
1971-12-01,1971,12,21.99
1972-01-01,1972,1,24.51
1972-02-01,1972,2,26.66
1972-03-01,1972,3,27.09
1972-04-01,1972,4,26.25
1972-05-01,1972,5,25.47
1972-06-01,1972,6,25.01
1972-07-01,1972,7,24.11
1972-08-01,1972,8,23.42
1972-09-01,1972,9,22.12
1972-10-01,1972,10,22.58
1972-11-01,1972,11,23.32
1972-12-01,1972,12,24.89
1973-01-01,1973,1,26.03
1973-02-01,1973,2,26.48
1973-03-01,1973,3,26.27
1973-04-01,1973,4,24.87
1973-05-01,1973,5,23.44
1973-06-01,1973,6,21.76
1973-07-01,1973,7,20.84
1973-08-01,1973,8,19.47
1973-09-01,1973,9,19.49
1973-10-01,1973,10,19.8
1973-11-01,1973,11,20.71
1973-12-01,1973,12,21.74
1974-01-01,1974,1,23.29
1974-02-01,1974,2,24.87
1974-03-01,1974,3,25.69
1974-04-01,1974,4,25.28
1974-05-01,1974,5,24.35
1974-06-01,1974,6,22.48
1974-07-01,1974,7,21.58
1974-08-01,1974,8,20.73
1974-09-01,1974,9,20.15
1974-10-01,1974,10,19.88
1974-11-01,1974,11,20.68
1974-12-01,1974,12,21.41
1975-01-01,1975,1,23.55
1975-02-01,1975,2,24.95
1975-03-01,1975,3,26.06
1975-04-01,1975,4,25.53
1975-05-01,1975,5,23.71
1975-06-01,1975,6,21.84
1975-07-01,1975,7,21.05
1975-08-01,1975,8,19.97
1975-09-01,1975,9,19.14
1975-10-01,1975,10,19.17
1975-11-01,1975,11,19.44
1975-12-01,1975,12,21.05
1976-01-01,1976,1,23.51
1976-02-01,1976,2,25.36
1976-03-01,1976,3,25.88
1976-04-01,1976,4,25.72
1976-05-01,1976,5,25.11
1976-06-01,1976,6,24.46
1976-07-01,1976,7,23.3
1976-08-01,1976,8,21.91
1976-09-01,1976,9,21.56
1976-10-01,1976,10,21.69
1976-11-01,1976,11,22.14
1976-12-01,1976,12,23.29
1977-01-01,1977,1,24.93
1977-02-01,1977,2,25.79
1977-03-01,1977,3,26.13
1977-04-01,1977,4,25.29
1977-05-01,1977,5,23.88
1977-06-01,1977,6,22.7
1977-07-01,1977,7,21.63
1977-08-01,1977,8,20.25
1977-09-01,1977,9,19.82
1977-10-01,1977,10,20.61
1977-11-01,1977,11,21.29
1977-12-01,1977,12,22.47
1978-01-01,1978,1,24.32
1978-02-01,1978,2,25.77
1978-03-01,1978,3,25.39
1978-04-01,1978,4,24.73
1978-05-01,1978,5,23.15
1978-06-01,1978,6,21.89
1978-07-01,1978,7,21.01
1978-08-01,1978,8,19.66
1978-09-01,1978,9,19.98
1978-10-01,1978,10,20.22
1978-11-01,1978,11,21.62
1978-12-01,1978,12,22.94
1979-01-01,1979,1,24.71
1979-02-01,1979,2,25.6
1979-03-01,1979,3,25.93
1979-04-01,1979,4,25.58
1979-05-01,1979,5,24.52
1979-06-01,1979,6,23.28
1979-07-01,1979,7,21.79
1979-08-01,1979,8,21.05
1979-09-01,1979,9,21.15
1979-10-01,1979,10,21.43
1979-11-01,1979,11,21.95
1979-12-01,1979,12,22.97
1980-01-01,1980,1,24.35
1980-02-01,1980,2,25.73
1980-03-01,1980,3,26.46
1980-04-01,1980,4,25.71
1980-05-01,1980,5,24.46
1980-06-01,1980,6,22.88
1980-07-01,1980,7,21.26
1980-08-01,1980,8,20.57
1980-09-01,1980,9,20.45
1980-10-01,1980,10,20.43
1980-11-01,1980,11,21.23
1980-12-01,1980,12,22.34
1981-01-01,1981,1,22.98
1981-02-01,1981,2,24.9
1981-03-01,1981,3,25.94
1981-04-01,1981,4,24.89
1981-05-01,1981,5,23.9
1981-06-01,1981,6,22.57
1981-07-01,1981,7,21.1
1981-08-01,1981,8,20.03
1981-09-01,1981,9,20.09
1981-10-01,1981,10,20.58
1981-11-01,1981,11,21.26
1981-12-01,1981,12,22.6
1982-01-01,1982,1,24.36
1982-02-01,1982,2,25.42
1982-03-01,1982,3,25.4
1982-04-01,1982,4,24.96
1982-05-01,1982,5,24.21
1982-06-01,1982,6,23.35
1982-07-01,1982,7,22.5
1982-08-01,1982,8,21.89
1982-09-01,1982,9,22.04
1982-10-01,1982,10,22.88
1982-11-01,1982,11,24.57
1982-12-01,1982,12,25.89
1983-01-01,1983,1,27.25
1983-02-01,1983,2,28.23
1983-03-01,1983,3,28.85
1983-04-01,1983,4,28.82
1983-05-01,1983,5,28.37
1983-06-01,1983,6,27.43
1983-07-01,1983,7,25.73
1983-08-01,1983,8,23.88
1983-09-01,1983,9,22.26
1983-10-01,1983,10,22.22
1983-11-01,1983,11,22.21
1983-12-01,1983,12,23.19
1984-01-01,1984,1,24.32
1984-02-01,1984,2,25.12
1984-03-01,1984,3,25.75
1984-04-01,1984,4,25.4
1984-05-01,1984,5,23.58
1984-06-01,1984,6,22.3
1984-07-01,1984,7,21.53
1984-08-01,1984,8,20.64
1984-09-01,1984,9,20.73
1984-10-01,1984,10,20.62
1984-11-01,1984,11,21.7
1984-12-01,1984,12,22.47
1985-01-01,1985,1,23.84
1985-02-01,1985,2,24.83
1985-03-01,1985,3,25.6
1985-04-01,1985,4,24.28
1985-05-01,1985,5,22.67
1985-06-01,1985,6,21.84
1985-07-01,1985,7,20.75
1985-08-01,1985,8,19.9
1985-09-01,1985,9,19.86
1985-10-01,1985,10,20.26
1985-11-01,1985,11,20.97
1985-12-01,1985,12,22.49
1986-01-01,1986,1,24.31
1986-02-01,1986,2,25.9
1986-03-01,1986,3,25.78
1986-04-01,1986,4,24.86
1986-05-01,1986,5,23.35
1986-06-01,1986,6,22.03
1986-07-01,1986,7,21.64
1986-08-01,1986,8,21.07
1986-09-01,1986,9,21.13
1986-10-01,1986,10,21.46
1986-11-01,1986,11,22.17
1986-12-01,1986,12,23.53
1987-01-01,1987,1,25.6
1987-02-01,1987,2,27.02
1987-03-01,1987,3,27.89
1987-04-01,1987,4,26.95
1987-05-01,1987,5,25.96
1987-06-01,1987,6,24.04
1987-07-01,1987,7,23.0
1987-08-01,1987,8,21.92
1987-09-01,1987,9,22.0
1987-10-01,1987,10,22.54
1987-11-01,1987,11,22.84
1987-12-01,1987,12,23.51
1988-01-01,1988,1,24.76
1988-02-01,1988,2,25.74
1988-03-01,1988,3,25.71
1988-04-01,1988,4,24.68
1988-05-01,1988,5,23.18
1988-06-01,1988,6,21.66
1988-07-01,1988,7,20.59
1988-08-01,1988,8,19.63
1988-09-01,1988,9,19.44
1988-10-01,1988,10,19.83
1988-11-01,1988,11,20.96
1988-12-01,1988,12,22.25
1989-01-01,1989,1,24.36
1989-02-01,1989,2,26.02
1989-03-01,1989,3,26.21
1989-04-01,1989,4,25.54
1989-05-01,1989,5,23.36
1989-06-01,1989,6,22.14
1989-07-01,1989,7,21.27
1989-08-01,1989,8,20.86
1989-09-01,1989,9,20.17
1989-10-01,1989,10,20.52
1989-11-01,1989,11,21.44
1989-12-01,1989,12,22.61
1990-01-01,1990,1,24.22
1990-02-01,1990,2,26.17
1990-03-01,1990,3,26.15
1990-04-01,1990,4,25.15
1990-05-01,1990,5,24.14
1990-06-01,1990,6,22.76
1990-07-01,1990,7,21.36
1990-08-01,1990,8,20.7
1990-09-01,1990,9,20.28
1990-10-01,1990,10,20.4
1990-11-01,1990,11,21.19
1990-12-01,1990,12,22.29
1991-01-01,1991,1,23.99
1991-02-01,1991,2,25.59
1991-03-01,1991,3,26.31
1991-04-01,1991,4,25.15
1991-05-01,1991,5,24.44
1991-06-01,1991,6,23.28
1991-07-01,1991,7,22.39
1991-08-01,1991,8,21.39
1991-09-01,1991,9,21.22
1991-10-01,1991,10,21.73
1991-11-01,1991,11,22.4
1991-12-01,1991,12,23.75
1992-01-01,1992,1,25.02
1992-02-01,1992,2,26.62
1992-03-01,1992,3,27.72
1992-04-01,1992,4,27.58
1992-05-01,1992,5,26.44
1992-06-01,1992,6,23.86
1992-07-01,1992,7,21.84
1992-08-01,1992,8,20.87
1992-09-01,1992,9,20.85
1992-10-01,1992,10,21.15
1992-11-01,1992,11,21.84
1992-12-01,1992,12,22.79
1993-01-01,1993,1,24.68
1993-02-01,1993,2,26.46
1993-03-01,1993,3,27.07
1993-04-01,1993,4,26.84
1993-05-01,1993,5,25.6
1993-06-01,1993,6,24.11
1993-07-01,1993,7,22.61
1993-08-01,1993,8,21.65
1993-09-01,1993,9,21.11
1993-10-01,1993,10,21.71
1993-11-01,1993,11,22.07
1993-12-01,1993,12,22.86
1994-01-01,1994,1,24.56
1994-02-01,1994,2,25.89
1994-03-01,1994,3,25.75
1994-04-01,1994,4,24.49
1994-05-01,1994,5,23.52
1994-06-01,1994,6,22.31
1994-07-01,1994,7,21.17
1994-08-01,1994,8,20.22
1994-09-01,1994,9,20.65
1994-10-01,1994,10,22.04
1994-11-01,1994,11,22.27
1994-12-01,1994,12,23.75
1995-01-01,1995,1,25.48
1995-02-01,1995,2,26.25
1995-03-01,1995,3,26.09
1995-04-01,1995,4,24.32
1995-05-01,1995,5,23.37
1995-06-01,1995,6,22.43
1995-07-01,1995,7,21.42
1995-08-01,1995,8,20.46
1995-09-01,1995,9,20.5
1995-10-01,1995,10,20.62
1995-11-01,1995,11,21.49
1995-12-01,1995,12,22.03
1996-01-01,1996,1,23.81
1996-02-01,1996,2,25.52
1996-03-01,1996,3,26.28
1996-04-01,1996,4,24.0
1996-05-01,1996,5,23.11
1996-06-01,1996,6,21.66
1996-07-01,1996,7,20.72
1996-08-01,1996,8,20.23
1996-09-01,1996,9,20.43
1996-10-01,1996,10,20.52
1996-11-01,1996,11,20.77
1996-12-01,1996,12,21.68
1997-01-01,1997,1,23.7
1997-02-01,1997,2,26.08
1997-03-01,1997,3,27.17
1997-04-01,1997,4,26.74
1997-05-01,1997,5,26.77
1997-06-01,1997,6,26.15
1997-07-01,1997,7,25.59
1997-08-01,1997,8,24.95
1997-09-01,1997,9,24.69
1997-10-01,1997,10,24.64
1997-11-01,1997,11,25.85
1997-12-01,1997,12,27.08
1998-01-01,1998,1,28.12
1998-02-01,1998,2,28.82
1998-03-01,1998,3,29.24
1998-04-01,1998,4,28.45
1998-05-01,1998,5,27.36
1998-06-01,1998,6,25.19
1998-07-01,1998,7,23.61
1998-08-01,1998,8,22.27
1998-09-01,1998,9,21.31
1998-10-01,1998,10,21.37
1998-11-01,1998,11,21.6
1998-12-01,1998,12,22.81
1999-01-01,1999,1,24.23
1999-02-01,1999,2,25.73
1999-03-01,1999,3,26.47
1999-04-01,1999,4,24.53
1999-05-01,1999,5,23.64
1999-06-01,1999,6,22.09
1999-07-01,1999,7,21.36
1999-08-01,1999,8,20.67
1999-09-01,1999,9,20.08
1999-10-01,1999,10,20.46
1999-11-01,1999,11,20.62
1999-12-01,1999,12,22.42
2000-01-01,2000,1,24.01
2000-02-01,2000,2,25.38
2000-03-01,2000,3,25.67
2000-04-01,2000,4,25.53
2000-05-01,2000,5,24.27
2000-06-01,2000,6,22.93
2000-07-01,2000,7,21.47
2000-08-01,2000,8,20.07
2000-09-01,2000,9,20.64
2000-10-01,2000,10,20.9
2000-11-01,2000,11,20.67
2000-12-01,2000,12,22.08
2001-01-01,2001,1,24.24
2001-02-01,2001,2,26.11
2001-03-01,2001,3,26.89
2001-04-01,2001,4,25.99
2001-05-01,2001,5,23.98
2001-06-01,2001,6,22.71
2001-07-01,2001,7,21.48
2001-08-01,2001,8,20.24
2001-09-01,2001,9,19.73
2001-10-01,2001,10,20.14
2001-11-01,2001,11,20.68
2001-12-01,2001,12,21.73
2002-01-01,2002,1,24.09
2002-02-01,2002,2,26.23
2002-03-01,2002,3,27.39
2002-04-01,2002,4,26.44
2002-05-01,2002,5,25.29
2002-06-01,2002,6,23.28
2002-07-01,2002,7,21.64
2002-08-01,2002,8,21.32
2002-09-01,2002,9,21.42
2002-10-01,2002,10,21.85
2002-11-01,2002,11,22.85
2002-12-01,2002,12,24.05
2003-01-01,2003,1,25.01
2003-02-01,2003,2,26.27
2003-03-01,2003,3,26.91
2003-04-01,2003,4,25.41
2003-05-01,2003,5,23.24
2003-06-01,2003,6,22.15
2003-07-01,2003,7,21.5
2003-08-01,2003,8,21.25
2003-09-01,2003,9,20.75
2003-10-01,2003,10,21.7
2003-11-01,2003,11,22.33
2003-12-01,2003,12,23.6
2004-01-01,2004,1,25.09
2004-02-01,2004,2,26.47
2004-03-01,2004,3,26.12
2004-04-01,2004,4,25.27
2004-05-01,2004,5,23.44
2004-06-01,2004,6,22.54
2004-07-01,2004,7,21.26
2004-08-01,2004,8,20.79
2004-09-01,2004,9,20.83
2004-10-01,2004,10,21.56
2004-11-01,2004,11,22.88
2004-12-01,2004,12,23.39
2005-01-01,2005,1,24.61
2005-02-01,2005,2,25.09
2005-03-01,2005,3,25.23
2005-04-01,2005,4,25.21
2005-05-01,2005,5,24.31
2005-06-01,2005,6,22.6
2005-07-01,2005,7,21.61
2005-08-01,2005,8,20.47
2005-09-01,2005,9,20.0
2005-10-01,2005,10,19.89
2005-11-01,2005,11,20.61
2005-12-01,2005,12,22.2
2006-01-01,2006,1,24.76
2006-02-01,2006,2,26.52
2006-03-01,2006,3,26.22
2006-04-01,2006,4,24.29
2006-05-01,2006,5,23.84
2006-06-01,2006,6,22.82
2006-07-01,2006,7,22.2
2006-08-01,2006,8,21.89
2006-09-01,2006,9,21.93
2006-10-01,2006,10,22.46
2006-11-01,2006,11,22.61
2006-12-01,2006,12,24.15
2007-01-01,2007,1,25.82
2007-02-01,2007,2,26.81
2007-03-01,2007,3,26.41
2007-04-01,2007,4,24.96
2007-05-01,2007,5,23.05
2007-06-01,2007,6,21.61
2007-07-01,2007,7,21.05
2007-08-01,2007,8,19.95
2007-09-01,2007,9,19.85
2007-10-01,2007,10,19.31
2007-11-01,2007,11,19.82
2007-12-01,2007,12,21.15
2008-01-01,2008,1,24.24
2008-02-01,2008,2,26.39
2008-03-01,2008,3,26.91
2008-04-01,2008,4,25.68
2008-05-01,2008,5,24.43
2008-06-01,2008,6,23.19
2008-07-01,2008,7,23.02
2008-08-01,2008,8,22.14
2008-09-01,2008,9,21.6
2008-10-01,2008,10,21.39
2008-11-01,2008,11,21.54
2008-12-01,2008,12,22.73
2009-01-01,2009,1,24.39
2009-02-01,2009,2,25.53
2009-03-01,2009,3,25.48
2009-04-01,2009,4,25.84
2009-05-01,2009,5,24.95
2009-06-01,2009,6,24.09
2009-07-01,2009,7,23.09
2009-08-01,2009,8,22.03
2009-09-01,2009,9,21.48
2009-10-01,2009,10,21.64
2009-11-01,2009,11,21.99
2009-12-01,2009,12,23.21
2010-01-01,2010,1,24.7
2010-02-01,2010,2,26.16
2010-03-01,2010,3,26.54
2010-04-01,2010,4,26.04
2010-05-01,2010,5,24.75
2010-06-01,2010,6,23.26
2010-07-01,2010,7,21.11
2010-08-01,2010,8,19.49
2010-09-01,2010,9,19.28
2010-10-01,2010,10,19.73
2010-11-01,2010,11,20.44
2010-12-01,2010,12,22.07
