kind,start,end,months,peak
la_nina,1950-01-01,1950-07-01,7,-1.53
el_nino,1951-06-01,1952-01-01,8,1.15
el_nino,1953-02-01,1954-01-01,12,0.84
la_nina,1954-05-01,1956-08-01,28,-1.67
el_nino,1957-04-01,1958-07-01,16,1.81
el_nino,1958-11-01,1959-03-01,5,0.62
el_nino,1963-06-01,1964-02-01,9,1.37
la_nina,1964-05-01,1965-01-01,9,-0.82
el_nino,1965-06-01,1966-04-01,11,1.98
el_nino,1968-10-01,1969-05-01,8,1.13
el_nino,1969-08-01,1970-01-01,6,0.86
la_nina,1970-07-01,1972-01-01,19,-1.38
el_nino,1972-05-01,1973-03-01,11,2.12
la_nina,1973-05-01,1974-07-01,15,-2.03
la_nina,1974-10-01,1976-03-01,18,-1.65
el_nino,1976-09-01,1977-02-01,6,0.86
el_nino,1977-09-01,1978-01-01,5,0.81
el_nino,1982-05-01,1983-06-01,14,2.23
la_nina,1984-10-01,1985-06-01,9,-1.14
el_nino,1986-09-01,1988-02-01,18,1.7
la_nina,1988-05-01,1989-05-01,13,-1.85
el_nino,1991-06-01,1992-06-01,13,1.71
el_nino,1994-09-01,1995-03-01,7,1.09
la_nina,1995-08-01,1996-03-01,8,-1.0
el_nino,1997-05-01,1998-04-01,12,2.4
la_nina,1998-07-01,2001-02-01,32,-1.66
el_nino,2002-06-01,2003-02-01,9,1.31
el_nino,2004-08-01,2005-02-01,7,0.7
la_nina,2005-11-01,2006-03-01,5,-0.85
el_nino,2006-09-01,2007-01-01,5,0.94
la_nina,2007-07-01,2008-06-01,12,-1.64
la_nina,2008-11-01,2009-03-01,5,-0.85
el_nino,2009-08-01,2010-03-01,8,1.56
la_nina,2010-06-01,2011-04-01,11,-1.64
la_nina,2011-08-01,2012-02-01,7,-1.02
el_nino,2014-10-01,2016-04-01,19,2.75
la_nina,2017-10-01,2018-03-01,6,-0.86
el_nino,2018-09-01,2019-06-01,10,0.97
el_nino,2019-11-01,2020-03-01,5,0.66
la_nina,2020-08-01,2021-04-01,9,-1.2
la_nina,2021-09-01,2023-01-01,17,-0.97
el_nino,2023-05-01,2024-04-01,12,2.06
