date,y_true,y_pred,lo,hi
1999-03,0.2482,-0.3985,-0.8976,1.3811
1999-04,-0.8453,-0.5697,-1.0688,1.2098
1999-05,-0.5373,-1.1350,-1.6341,0.6445
1999-06,-0.7590,-1.2384,-1.7375,0.5411
1999-07,-0.3867,-1.7807,-2.2797,-0.0011
1999-08,-0.1688,-1.2601,-1.7591,0.5195
1999-09,-0.4918,-0.7998,-1.2989,0.9798
1999-10,-0.3884,-0.8201,-1.3191,0.9595
1999-11,-0.9294,-0.2715,-0.7705,1.5081
1999-12,-0.2637,-0.3239,-0.8230,1.4557
2000-01,-0.3292,-0.5709,-1.0700,1.2086
2000-02,-0.4048,-0.8740,-1.3730,0.9056
2000-03,-0.5518,-0.9315,-1.4305,0.8481
2000-04,0.1547,-0.7551,-1.2542,1.0245
2000-05,0.0927,-0.9460,-1.4451,0.8336
2000-06,0.0810,-0.9609,-1.4600,0.8187
2000-07,-0.2767,-0.6531,-1.1521,1.1265
2000-08,-0.7688,-0.4186,-0.9176,1.3610
2000-09,0.0682,-0.0556,-0.5547,1.7240
2000-10,0.0516,-0.5049,-1.0040,1.2746
2000-11,-0.8794,-0.4986,-0.9976,1.2810
2000-12,-0.6037,-0.2249,-0.7239,1.5547
2001-01,-0.0992,-0.0051,-0.5042,1.7745
2001-02,0.3252,-0.1410,-0.6400,1.6386
2001-03,0.6682,-0.3992,-0.8982,1.3804
2001-04,0.6147,-0.2522,-0.7512,1.5274
2001-05,-0.1973,0.5812,0.0822,2.3608
2001-06,-0.1390,0.6683,0.1693,2.4479
2001-07,-0.2667,0.2360,-0.2630,2.0156
2001-08,-0.5988,0.0160,-0.4831,1.7956
2001-09,-0.8418,0.1849,-0.3141,1.9645
2001-10,-0.7084,0.1047,-0.3943,1.8843
2001-11,-0.8694,-0.4223,-0.9213,1.3573
2001-12,-0.9537,-0.7184,-1.2174,1.0612
2002-01,-0.2492,-0.2793,-0.7783,1.5003
2002-02,0.4452,0.1011,-0.3979,1.8807
2002-03,1.1682,-0.0723,-0.5714,1.7072
2002-04,1.0647,-0.4932,-0.9923,1.2863
2002-05,1.1127,-0.3135,-0.8126,1.4661
2002-06,0.4310,0.2510,-0.2480,2.0306
2002-07,-0.1067,0.5713,0.0722,2.3508
2002-08,0.4812,0.7987,0.2997,2.5783
2002-09,0.8482,1.0774,0.5783,2.8570
2002-10,1.0016,0.1923,-0.3067,1.9719
2002-11,1.3006,0.4491,-0.0499,2.2287
2002-12,1.3663,0.5705,0.0714,2.3500
2003-01,0.6708,0.8428,0.3438,2.6224
2003-02,0.4852,0.6298,0.1307,2.4093
2003-03,0.6882,0.6224,0.1234,2.4020
2003-04,0.0347,0.2263,-0.2728,2.0059
2003-05,-0.9373,0.1401,-0.3589,1.9197
2003-06,-0.6990,0.3647,-0.1343,2.1443
2003-07,-0.2467,0.2661,-0.2330,2.0456
2003-08,0.4112,-0.3236,-0.8226,1.4560
2003-09,0.1782,-0.3782,-0.8772,1.4014
2003-10,0.8516,-0.4341,-0.9332,1.3454
2003-11,0.7806,-0.6065,-1.1056,1.1730
2003-12,0.9163,-0.8106,-1.3097,0.9689
2004-01,0.7508,-0.2494,-0.7484,1.5302
2004-02,0.6852,-0.0142,-0.5133,1.7653
2004-03,-0.1018,0.3671,-0.1320,2.1467
2004-04,-0.1053,1.0918,0.5927,2.8714
2004-05,-0.7373,1.0557,0.5566,2.8353
2004-06,-0.3090,0.2541,-0.2449,2.0337
2004-07,-0.4867,0.0329,-0.4662,1.8124
2004-08,-0.0488,-0.3210,-0.8200,1.4586
2004-09,0.2582,-0.1123,-0.6113,1.6673
2004-10,0.7116,-0.9917,-1.4908,0.7879
2004-11,1.3306,-0.3035,-0.8026,1.4761
2004-12,0.7063,-0.7463,-1.2453,1.0333
2005-01,0.2708,-0.5701,-1.0692,1.2095
2005-02,-0.6948,0.3355,-0.1636,2.1151
2005-03,-0.9918,1.1327,0.6336,2.9123
2005-04,-0.1653,1.2839,0.7848,3.0635
2005-05,0.1327,0.6023,0.1033,2.3819
2005-06,-0.2490,-0.7611,-1.2602,1.0184
2005-07,-0.1367,-0.1568,-0.6558,1.6228
2005-08,-0.3688,-0.1711,-0.6702,1.6084
2005-09,-0.5718,-0.1998,-0.6989,1.5797
2005-10,-0.9584,-0.6769,-1.1760,1.1026
2005-11,-0.9394,-0.6457,-1.1448,1.1339
2005-12,-0.4837,-0.5200,-1.0191,1.2596
2006-01,0.4208,-0.2208,-0.7198,1.5588
2006-02,0.7352,-0.6849,-1.1840,1.0947
2006-03,-0.0018,-0.4657,-0.9648,1.3139
2006-04,-1.0853,0.2508,-0.2482,2.0304
2006-05,-0.3373,0.8441,0.3450,2.6237
2006-06,-0.0290,0.2733,-0.2257,2.0529
2006-07,0.4533,-0.3898,-0.8889,1.3898
2006-08,1.0512,-0.4938,-0.9929,1.2857
2006-09,1.3582,-0.1961,-0.6952,1.5835
2006-10,1.6116,-0.2001,-0.6991,1.5795
2006-11,1.0606,0.0360,-0.4630,1.8156
2006-12,1.4663,0.8194,0.3204,2.5990
2007-01,1.4808,1.7479,1.2489,3.5275
2007-02,1.0252,1.2762,0.7772,3.0558
2007-03,0.1882,1.2253,0.7263,3.0049
2007-04,-0.4153,1.1353,0.6362,2.9148
2007-05,-1.1273,0.8903,0.3913,2.6699
2007-06,-1.2390,0.6064,0.1073,2.3860
2007-07,-0.6967,0.2768,-0.2223,2.0564
2007-08,-0.8888,-0.2763,-0.7753,1.5033
2007-09,-0.7218,-1.0329,-1.5320,0.7466
2007-10,-1.5384,-0.7377,-1.2368,1.0419
2007-11,-1.7294,-0.4279,-0.9269,1.3517
2007-12,-1.5337,-0.3430,-0.8421,1.4366
2008-01,-0.0992,-0.5644,-1.0634,1.2152
2008-02,0.6052,-0.5350,-1.0340,1.2446
2008-03,0.6882,-0.1845,-0.6835,1.5951
2008-04,0.3047,-0.3320,-0.8310,1.4476
2008-05,0.2527,0.2553,-0.2438,2.0349
2008-06,0.3410,1.0607,0.5617,2.8403
2008-07,1.2733,0.5006,0.0015,2.2802
2008-08,1.3012,0.2610,-0.2381,2.0406
2008-09,1.0282,0.4300,-0.0690,2.2096
2008-10,0.5416,0.6246,0.1255,2.4041
2008-11,-0.0094,-0.0673,-0.5663,1.7123
2008-12,0.0463,0.0361,-0.4629,1.8157
2009-01,0.0508,0.3951,-0.1040,2.1746
2009-02,-0.2548,0.4472,-0.0519,2.2268
2009-03,-0.7418,-0.1434,-0.6424,1.6362
2009-04,0.4647,-0.4619,-0.9609,1.3177
2009-05,0.7727,-0.5566,-1.0556,1.2230
2009-06,1.2410,0.2481,-0.2509,2.0277
2009-07,1.3433,0.8206,0.3216,2.6002
2009-08,1.1912,1.0667,0.5676,2.8463
2009-09,0.9082,0.7027,0.2036,2.4822
2009-10,0.7916,0.9943,0.4952,2.7738
2009-11,0.4406,0.5363,0.0373,2.3159
2009-12,0.5263,0.7156,0.2165,2.4952
2010-01,0.3608,0.5649,0.0659,2.3445
2010-02,0.3752,0.3911,-0.1080,2.1706
2010-03,0.3182,0.4531,-0.0460,2.2327
2010-04,0.6647,0.1410,-0.3580,1.9206
2010-05,0.5727,-0.0208,-0.5199,1.7587
2010-06,0.4110,-0.3917,-0.8908,1.3878
2010-07,-0.6367,-0.6294,-1.1285,1.1501
2010-08,-1.3488,-0.6048,-1.1038,1.1748
2010-09,-1.2918,-0.1282,-0.6272,1.6514
2010-10,-1.1184,-0.3111,-0.8102,1.4685
2010-11,-1.1094,-0.0673,-0.5663,1.7123
2010-12,-0.6137,-0.4980,-0.9970,1.2816
2011-01,,-0.2695,-0.7685,1.5101
2011-02,,-0.9618,-1.4609,0.8177
2011-03,,-0.5679,-1.0669,1.2117
