date,sst
1854-01-01,28.030409
1854-02-01,28.485142
1854-03-01,29.559559
1854-04-01,29.867842
1854-05-01,30.313137
1854-06-01,29.209106
1854-07-01,28.526829
1854-08-01,28.393442
1854-09-01,28.948912
1854-10-01,29.79863
1854-11-01,28.280966
1854-12-01,27.876316
1855-01-01,27.661907
1855-02-01,27.812899
1855-03-01,29.036308
1855-04-01,29.958252
1855-05-01,30.00949
1855-06-01,29.686577
1855-07-01,28.71213
1855-08-01,28.691769
1855-09-01,28.735079
1855-10-01,28.787302
1855-11-01,28.967867
1855-12-01,28.027388
1856-01-01,27.941523
1856-02-01,28.384491
1856-03-01,29.10869
1856-04-01,29.908436
1856-05-01,30.02547
1856-06-01,29.069942
1856-07-01,28.732246
1856-08-01,28.579784
1856-09-01,28.912476
1856-10-01,28.896505
1856-11-01,28.161772
1856-12-01,27.780575
1857-01-01,27.832455
1857-02-01,28.065731
1857-03-01,28.508831
1857-04-01,29.439672
1857-05-01,29.446148
1857-06-01,28.731445
1857-07-01,28.397844
1857-08-01,28.273407
1857-09-01,28.327883
1857-10-01,28.419704
1857-11-01,28.300278
1857-12-01,27.75751
1858-01-01,27.278582
1858-02-01,27.34767
1858-03-01,28.367046
1858-04-01,29.09938
1858-05-01,29.218187
1858-06-01,28.621927
1858-07-01,28.375849
1858-08-01,28.535944
1858-09-01,28.87413
1858-10-01,28.898329
1858-11-01,28.64674
1858-12-01,27.517866
1859-01-01,27.599628
1859-02-01,27.65392
1859-03-01,28.407967
1859-04-01,29.257399
1859-05-01,29.747152
1859-06-01,29.192905
1859-07-01,29.273008
1859-08-01,29.108437
1859-09-01,28.721308
1859-10-01,28.456175
1859-11-01,28.814568
1859-12-01,27.662281
1860-01-01,27.339685
1860-02-01,27.735418
1860-03-01,28.67692
1860-04-01,29.980833
1860-05-01,30.1597
1860-06-01,29.562233
1860-07-01,28.995453
1860-08-01,28.911102
1860-09-01,28.500746
1860-10-01,28.524843
1860-11-01,27.706331
1860-12-01,27.502981
1861-01-01,27.904863
1861-02-01,28.256233
1861-03-01,28.662325
1861-04-01,29.855812
1861-05-01,29.728884
1861-06-01,29.089687
1861-07-01,28.750345
1861-08-01,28.482084
1861-09-01,28.49071
1861-10-01,28.088818
1861-11-01,27.66759
1861-12-01,27.100285
1862-01-01,26.754263
1862-02-01,26.925526
1862-03-01,27.848436
1862-04-01,28.692684
1862-05-01,29.10257
1862-06-01,28.73421
1862-07-01,28.273096
1862-08-01,27.974092
1862-09-01,28.14922
1862-10-01,28.190283
1862-11-01,28.344793
1862-12-01,27.614697
1863-01-01,27.577808
1863-02-01,27.75534
1863-03-01,28.491861
1863-04-01,29.341204
1863-05-01,29.962774
1863-06-01,29.328156
1863-07-01,28.411251
1863-08-01,28.532532
1863-09-01,28.743118
1863-10-01,28.908043
1863-11-01,28.14503
1863-12-01,27.045977
1864-01-01,26.38522
1864-02-01,25.996937
1864-03-01,27.822323
1864-04-01,29.32756
1864-05-01,29.954676
1864-06-01,28.918726
1864-07-01,28.523838
1864-08-01,28.34258
1864-09-01,28.415651
1864-10-01,28.344841
1864-11-01,28.07283
1864-12-01,27.360071
1865-01-01,27.300564
1865-02-01,27.730406
1865-03-01,28.889193
1865-04-01,29.372066
1865-05-01,29.466028
1865-06-01,28.988981
1865-07-01,28.377872
1865-08-01,28.214516
1865-09-01,28.499651
1865-10-01,28.422716
1865-11-01,28.098515
1865-12-01,27.959253
1866-01-01,27.742235
1866-02-01,28.643963
1866-03-01,29.553616
1866-04-01,29.941988
1866-05-01,29.914911
1866-06-01,29.034086
1866-07-01,28.731731
1866-08-01,28.34849
1866-09-01,28.521788
1866-10-01,28.657265
1866-11-01,28.332195
1866-12-01,27.14389
1867-01-01,26.645153
1867-02-01,27.410038
1867-03-01,28.347452
1867-04-01,29.280241
1867-05-01,29.748247
1867-06-01,29.20639
1867-07-01,28.563713
1867-08-01,28.210575
1867-09-01,28.956581
1867-10-01,28.715464
1867-11-01,27.905003
1867-12-01,26.327564
1868-01-01,25.994246
1868-02-01,27.44444
1868-03-01,28.42645
1868-04-01,29.309526
1868-05-01,30.45856
1868-06-01,30.03931
1868-07-01,28.722458
1868-08-01,28.47169
1868-09-01,28.394041
1868-10-01,28.620186
1868-11-01,28.360209
1868-12-01,27.837917
1869-01-01,27.736017
1869-02-01,28.222607
1869-03-01,29.107111
1869-04-01,29.909004
1869-05-01,30.50038
1869-06-01,29.854456
1869-07-01,29.404274
1869-08-01,29.283178
1869-09-01,29.030947
1869-10-01,29.073029
1869-11-01,28.51691
1869-12-01,27.861921
1870-01-01,27.604694
1870-02-01,28.238373
1870-03-01,28.935102
1870-04-01,29.708012
1870-05-01,29.948853
1870-06-01,29.512957
1870-07-01,28.828293
1870-08-01,28.622318
1870-09-01,29.01998
1870-10-01,28.93236
1870-11-01,27.85953
1870-12-01,27.442627
1871-01-01,27.709887
1871-02-01,28.272907
1871-03-01,29.300291
1871-04-01,29.952509
1871-05-01,30.030588
1871-06-01,28.102345
1871-07-01,27.998386
1871-08-01,28.184942
1871-09-01,28.158384
1871-10-01,28.143356
1871-11-01,27.566006
1871-12-01,27.302898
1872-01-01,27.42416
1872-02-01,27.836151
1872-03-01,28.822489
1872-04-01,29.771795
1872-05-01,30.60377
1872-06-01,29.98283
1872-07-01,28.822762
1872-08-01,28.64795
1872-09-01,28.55637
1872-10-01,28.111622
1872-11-01,27.953438
1872-12-01,27.59143
1873-01-01,27.191624
1873-02-01,27.69291
1873-03-01,28.749506
1873-04-01,30.198704
1873-05-01,30.100164
1873-06-01,29.182896
1873-07-01,28.28582
1873-08-01,27.939388
1873-09-01,28.68167
1873-10-01,28.672035
1873-11-01,28.55203
1873-12-01,27.800285
1874-01-01,27.573462
1874-02-01,28.00649
1874-03-01,28.547127
1874-04-01,29.610298
1874-05-01,29.466616
1874-06-01,28.527061
1874-07-01,28.418701
1874-08-01,28.065514
1874-09-01,27.88398
1874-10-01,27.24262
1874-11-01,27.87135
1874-12-01,27.366402
1875-01-01,27.171679
1875-02-01,27.401152
1875-03-01,28.311102
1875-04-01,29.011232
1875-05-01,28.802496
1875-06-01,28.522062
1875-07-01,28.325022
1875-08-01,27.811728
1875-09-01,27.922487
1875-10-01,28.360466
1875-11-01,28.21019
1875-12-01,27.536697
1876-01-01,27.063362
1876-02-01,28.169939
1876-03-01,29.709011
1876-04-01,30.163551
1876-05-01,29.814884
1876-06-01,29.211334
1876-07-01,28.722733
1876-08-01,27.976833
1876-09-01,27.825556
1876-10-01,28.051071
1876-11-01,28.16014
1876-12-01,27.479239
1877-01-01,27.362453
1877-02-01,27.795034
1877-03-01,28.067299
1877-04-01,29.171343
1877-05-01,30.420364
1877-06-01,29.751308
1877-07-01,29.037155
1877-08-01,28.895124
1877-09-01,29.096403
1877-10-01,29.437742
1877-11-01,29.444551
1877-12-01,29.0901
1878-01-01,28.928354
1878-02-01,28.704826
1878-03-01,29.70397
1878-04-01,30.244772
1878-05-01,30.78408
1878-06-01,30.124107
1878-07-01,29.514229
1878-08-01,28.95636
1878-09-01,28.584854
1878-10-01,29.089983
1878-11-01,28.940899
1878-12-01,28.329512
1879-01-01,28.135052
1879-02-01,28.433409
1879-03-01,29.168781
1879-04-01,29.971144
1879-05-01,30.146381
1879-06-01,29.619013
1879-07-01,29.291946
1879-08-01,28.451658
1879-09-01,28.447239
1879-10-01,28.255198
1879-11-01,28.23171
1879-12-01,27.444857
1880-01-01,27.732246
1880-02-01,28.014418
1880-03-01,29.127657
1880-04-01,29.983406
1880-05-01,30.404951
1880-06-01,29.074879
1880-07-01,28.272932
1880-08-01,28.276243
1880-09-01,27.977201
1880-10-01,28.270876
1880-11-01,28.334934
1880-12-01,27.827059
1881-01-01,27.488445
1881-02-01,27.880774
1881-03-01,28.37204
1881-04-01,29.598991
1881-05-01,29.816248
1881-06-01,28.939964
1881-07-01,28.819357
1881-08-01,28.58476
1881-09-01,28.334475
1881-10-01,28.194614
1881-11-01,28.414062
1881-12-01,27.897432
1882-01-01,28.268175
1882-02-01,28.535501
1882-03-01,28.51952
1882-04-01,29.280916
1882-05-01,29.867577
1882-06-01,28.786438
1882-07-01,28.1389
1882-08-01,28.10775
1882-09-01,28.20282
1882-10-01,28.851011
1882-11-01,28.588724
1882-12-01,27.496063
1883-01-01,26.968323
1883-02-01,27.149145
1883-03-01,28.319515
1883-04-01,29.463333
1883-05-01,29.761213
1883-06-01,28.947077
1883-07-01,28.653452
1883-08-01,28.499405
1883-09-01,28.44141
1883-10-01,28.235998
1883-11-01,27.740519
1883-12-01,26.63082
1884-01-01,26.540682
1884-02-01,27.367764
1884-03-01,28.108871
1884-04-01,29.046946
1884-05-01,29.767958
1884-06-01,28.861973
1884-07-01,28.365448
1884-08-01,28.57051
1884-09-01,28.388868
1884-10-01,27.870285
1884-11-01,27.709875
1884-12-01,27.10732
1885-01-01,26.84613
1885-02-01,27.416807
1885-03-01,28.204788
1885-04-01,29.70081
1885-05-01,30.121477
1885-06-01,29.552477
1885-07-01,28.893755
1885-08-01,27.724955
1885-09-01,27.927153
1885-10-01,28.915539
1885-11-01,29.425623
1885-12-01,28.524837
1886-01-01,27.95969
1886-02-01,27.463463
1886-03-01,28.576977
1886-04-01,29.448368
1886-05-01,29.727459
1886-06-01,29.192383
1886-07-01,28.957302
1886-08-01,28.466612
1886-09-01,28.600931
1886-10-01,28.951227
1886-11-01,28.552551
1886-12-01,27.455307
1887-01-01,27.753365
1887-02-01,28.214054
1887-03-01,28.570086
1887-04-01,29.081087
1887-05-01,29.159784
1887-06-01,28.339663
1887-07-01,27.99233
1887-08-01,27.610119
1887-09-01,27.613657
1887-10-01,27.716063
1887-11-01,27.748213
1887-12-01,27.249197
1888-01-01,27.497194
1888-02-01,27.88368
1888-03-01,28.839909
1888-04-01,30.080593
1888-05-01,30.185476
1888-06-01,29.456446
1888-07-01,28.576952
1888-08-01,28.457245
1888-09-01,28.934778
1888-10-01,29.10932
1888-11-01,28.819069
1888-12-01,28.232862
1889-01-01,28.186832
1889-02-01,28.765596
1889-03-01,29.535427
1889-04-01,30.48098
1889-05-01,30.65573
1889-06-01,29.576456
1889-07-01,28.827263
1889-08-01,28.727758
1889-09-01,28.43116
1889-10-01,28.680685
1889-11-01,28.204706
1889-12-01,27.999254
1890-01-01,27.82351
1890-02-01,28.433102
1890-03-01,29.048912
1890-04-01,30.260725
1890-05-01,30.048248
1890-06-01,28.982914
1890-07-01,28.404049
1890-08-01,27.71361
1890-09-01,27.797188
1890-10-01,27.530525
1890-11-01,27.717329
1890-12-01,27.604343
1891-01-01,27.093273
1891-02-01,27.587023
1891-03-01,29.067863
1891-04-01,29.789818
1891-05-01,29.813667
1891-06-01,29.145742
1891-07-01,28.117384
1891-08-01,28.163946
1891-09-01,28.396465
1891-10-01,28.746576
1891-11-01,28.167732
1891-12-01,28.189838
1892-01-01,28.27328
1892-02-01,28.281239
1892-03-01,28.898867
1892-04-01,29.580568
1892-05-01,29.986673
1892-06-01,28.999695
1892-07-01,28.711123
1892-08-01,28.38414
1892-09-01,28.018553
1892-10-01,27.546276
1892-11-01,27.490221
1892-12-01,26.82742
1893-01-01,26.959171
1893-02-01,27.387909
1893-03-01,27.963232
1893-04-01,29.306692
1893-05-01,29.516657
1893-06-01,29.130972
1893-07-01,28.915796
1893-08-01,28.666521
1893-09-01,28.223482
1893-10-01,28.207453
1893-11-01,28.040596
1893-12-01,27.163647
1894-01-01,27.228212
1894-02-01,27.192532
1894-03-01,28.214834
1894-04-01,29.587044
1894-05-01,29.349
1894-06-01,28.389435
1894-07-01,27.84838
1894-08-01,27.952116
1894-09-01,28.17723
1894-10-01,28.183886
1894-11-01,27.535412
1894-12-01,27.300552
1895-01-01,27.165518
1895-02-01,27.66857
1895-03-01,28.520689
1895-04-01,29.598356
1895-05-01,29.591724
1895-06-01,29.480553
1895-07-01,28.653051
1895-08-01,28.376287
1895-09-01,28.64586
1895-10-01,28.746494
1895-11-01,28.498983
1895-12-01,27.843971
1896-01-01,27.60495
1896-02-01,28.281567
1896-03-01,28.962631
1896-04-01,29.509398
1896-05-01,29.613585
1896-06-01,28.887724
1896-07-01,28.407045
1896-08-01,28.40237
1896-09-01,28.349009
1896-10-01,28.37047
1896-11-01,28.68036
1896-12-01,28.263252
1897-01-01,28.506567
1897-02-01,29.072527
1897-03-01,29.895622
1897-04-01,30.550087
1897-05-01,30.534904
1897-06-01,29.499659
1897-07-01,29.09647
1897-08-01,28.91745
1897-09-01,29.164062
1897-10-01,29.027344
1897-11-01,28.888086
1897-12-01,27.96357
1898-01-01,27.602386
1898-02-01,27.925629
1898-03-01,28.983055
1898-04-01,29.604107
1898-05-01,29.770464
1898-06-01,29.085812
1898-07-01,28.413498
1898-08-01,27.895182
1898-09-01,28.478834
1898-10-01,28.572628
1898-11-01,28.299784
1898-12-01,27.57374
1899-01-01,26.960993
1899-02-01,27.445948
1899-03-01,28.601183
1899-04-01,29.222471
1899-05-01,29.584595
1899-06-01,28.56562
1899-07-01,27.64561
1899-08-01,27.822748
1899-09-01,27.980886
1899-10-01,28.244883
1899-11-01,28.352724
1899-12-01,28.044573
1900-01-01,27.878946
1900-02-01,28.203306
1900-03-01,29.213785
1900-04-01,30.47303
1900-05-01,30.37936
1900-06-01,29.586296
1900-07-01,28.686918
1900-08-01,28.261518
1900-09-01,28.200476
1900-10-01,28.173588
1900-11-01,28.130209
1900-12-01,27.755222
1901-01-01,27.984888
1901-02-01,27.707863
1901-03-01,28.082375
1901-04-01,28.939339
1901-05-01,29.356264
1901-06-01,28.822496
1901-07-01,28.213923
1901-08-01,28.00451
1901-09-01,27.764595
1901-10-01,27.702908
1901-11-01,28.25357
1901-12-01,27.780222
1902-01-01,26.926865
1902-02-01,26.92995
1902-03-01,27.825903
1902-04-01,29.23095
1902-05-01,29.474144
1902-06-01,28.694832
1902-07-01,28.313131
1902-08-01,28.106993
1902-09-01,28.348269
1902-10-01,
1902-11-01,28.613396
1902-12-01,28.15313
1903-01-01,27.81167
1903-02-01,27.854551
1903-03-01,28.7869
1903-04-01,29.487312
1903-05-01,30.132017
1903-06-01,29.3824
1903-07-01,28.690252
1903-08-01,28.54967
1903-09-01,28.227943
1903-10-01,28.350918
1903-11-01,28.074003
1903-12-01,27.276081
1904-01-01,26.848614
1904-02-01,26.906992
1904-03-01,27.995234
1904-04-01,29.110561
1904-05-01,29.477154
1904-06-01,28.493912
1904-07-01,27.93144
1904-08-01,27.91685
1904-09-01,27.890184
1904-10-01,28.34809
1904-11-01,27.97553
1904-12-01,27.423077
1905-01-01,27.356829
1905-02-01,27.894087
1905-03-01,28.87575
1905-04-01,29.409641
1905-05-01,29.810984
1905-06-01,29.125595
1905-07-01,28.590916
1905-08-01,28.345755
1905-09-01,28.41803
1905-10-01,28.605928
1905-11-01,28.640617
1905-12-01,28.256323
1906-01-01,28.144077
1906-02-01,28.534538
1906-03-01,29.38367
1906-04-01,29.847021
1906-05-01,30.20536
1906-06-01,29.043818
1906-07-01,28.485987
1906-08-01,28.51901
1906-09-01,28.330524
1906-10-01,28.423225
1906-11-01,28.044365
1906-12-01,27.88098
1907-01-01,27.47406
1907-02-01,27.872873
1907-03-01,28.306873
1907-04-01,29.161654
1907-05-01,29.29887
1907-06-01,28.42731
1907-07-01,28.121529
1907-08-01,27.3437
1907-09-01,27.665432
1907-10-01,28.106987
1907-11-01,28.112944
1907-12-01,27.520601
1908-01-01,27.079828
1908-02-01,27.492746
1908-03-01,28.182262
1908-04-01,29.120018
1908-05-01,29.539412
1908-06-01,28.51269
1908-07-01,28.037445
1908-08-01,27.963043
1908-09-01,28.206678
1908-10-01,28.105108
1908-11-01,27.814491
1908-12-01,27.185503
1909-01-01,27.465149
1909-02-01,27.74729
1909-03-01,28.599144
1909-04-01,29.4729
1909-05-01,29.555813
1909-06-01,28.701824
1909-07-01,28.13851
1909-08-01,28.118395
1909-09-01,28.2909
1909-10-01,28.360199
1909-11-01,28.298677
1909-12-01,27.701706
1910-01-01,27.577396
1910-02-01,27.924507
1910-03-01,28.656473
1910-04-01,29.074123
1910-05-01,29.504608
1910-06-01,28.75803
1910-07-01,28.4009
1910-08-01,28.192265
1910-09-01,27.946024
1910-10-01,28.187807
1910-11-01,28.05268
1910-12-01,27.44655
1911-01-01,27.330175
1911-02-01,27.499851
1911-03-01,28.448187
1911-04-01,29.146381
1911-05-01,29.611124
1911-06-01,28.71373
1911-07-01,28.312466
1911-08-01,28.011688
1911-09-01,28.072378
1911-10-01,28.425814
1911-11-01,28.519817
1911-12-01,28.19852
1912-01-01,27.944265
1912-02-01,27.97747
1912-03-01,28.793772
1912-04-01,29.63066
1912-05-01,30.047516
1912-06-01,29.55557
1912-07-01,28.421928
1912-08-01,28.128298
1912-09-01,28.344141
1912-10-01,28.396605
1912-11-01,28.33247
1912-12-01,27.393341
1913-01-01,26.860054
1913-02-01,27.52161
1913-03-01,28.610632
1913-04-01,29.344913
1913-05-01,29.534138
1913-06-01,28.766006
1913-07-01,28.113747
1913-08-01,27.925966
1913-09-01,28.27799
1913-10-01,28.280178
1913-11-01,28.252634
1913-12-01,27.850542
1914-01-01,27.263908
1914-02-01,27.664467
1914-03-01,28.552242
1914-04-01,29.503094
1914-05-01,29.8233
1914-06-01,28.81962
1914-07-01,28.099705
1914-08-01,28.111452
1914-09-01,28.439611
1914-10-01,28.93915
1914-11-01,28.769056
1914-12-01,28.38834
1915-01-01,28.054178
1915-02-01,28.519093
1915-03-01,29.140263
1915-04-01,30.019125
1915-05-01,30.170662
1915-06-01,29.793627
1915-07-01,28.663918
1915-08-01,28.447191
1915-09-01,28.284872
1915-10-01,28.493263
1915-11-01,28.26138
1915-12-01,27.479824
1916-01-01,26.639503
1916-02-01,27.295246
1916-03-01,28.124092
1916-04-01,29.208284
1916-05-01,29.53381
1916-06-01,28.703346
1916-07-01,28.494879
1916-08-01,28.397547
1916-09-01,28.027742
1916-10-01,28.219084
1916-11-01,27.914011
1916-12-01,26.885792
1917-01-01,26.988892
1917-02-01,27.121412
1917-03-01,28.05236
1917-04-01,29.025782
1917-05-01,29.103441
1917-06-01,28.50533
1917-07-01,28.464981
1917-08-01,28.403368
1917-09-01,28.356127
1917-10-01,28.302914
1917-11-01,27.949257
1917-12-01,27.258547
1918-01-01,26.282751
1918-02-01,26.35015
1918-03-01,27.588692
1918-04-01,28.908995
1918-05-01,28.80323
1918-06-01,28.182312
1918-07-01,28.196638
1918-08-01,27.99407
1918-09-01,28.182348
1918-10-01,28.37569
1918-11-01,28.419426
1918-12-01,28.162262
1919-01-01,27.96404
1919-02-01,28.184856
1919-03-01,28.95776
1919-04-01,29.957762
1919-05-01,30.057869
1919-06-01,28.804235
1919-07-01,28.317158
1919-08-01,27.990068
1919-09-01,28.537243
1919-10-01,28.627274
1919-11-01,28.051012
1919-12-01,27.282553
1920-01-01,27.248053
1920-02-01,27.994562
1920-03-01,28.718822
1920-04-01,29.284765
1920-05-01,29.661695
1920-06-01,28.950176
1920-07-01,28.221634
1920-08-01,28.098417
1920-09-01,28.323793
1920-10-01,28.580368
1920-11-01,28.460241
1920-12-01,27.746101
1921-01-01,27.617958
1921-02-01,27.635273
1921-03-01,28.427809
1921-04-01,29.669098
1921-05-01,29.633533
1921-06-01,29.005219
1921-07-01,28.296156
1921-08-01,28.022757
1921-09-01,27.943312
1921-10-01,28.285482
1921-11-01,28.275892
1921-12-01,27.409649
1922-01-01,27.418669
1922-02-01,27.797548
1922-03-01,28.455362
1922-04-01,29.148598
1922-05-01,29.718218
1922-06-01,28.690256
1922-07-01,28.09074
1922-08-01,28.013697
1922-09-01,28.090263
1922-10-01,28.502846
1922-11-01,28.372246
1922-12-01,27.669365
1923-01-01,27.239723
1923-02-01,27.48965
1923-03-01,28.202261
1923-04-01,29.621283
1923-05-01,29.496578
1923-06-01,28.950787
1923-07-01,28.240917
1923-08-01,27.778969
1923-09-01,28.07625
1923-10-01,28.515944
1923-11-01,28.674042
1923-12-01,27.89329
1924-01-01,27.819979
1924-02-01,28.227848
1924-03-01,28.812136
1924-04-01,29.693012
1924-05-01,29.781702
1924-06-01,28.71015
1924-07-01,28.146294
1924-08-01,28.071712
1924-09-01,28.259417
1924-10-01,28.269325
1924-11-01,28.178665
1924-12-01,27.228966
1925-01-01,27.02774
1925-02-01,27.356821
1925-03-01,28.156828
1925-04-01,29.184954
1925-05-01,29.643728
1925-06-01,28.871567
1925-07-01,28.314375
1925-08-01,28.114243
1925-09-01,28.400635
1925-10-01,28.637058
1925-11-01,28.276896
1925-12-01,27.51716
1926-01-01,27.30618
1926-02-01,27.812769
1926-03-01,28.78057
1926-04-01,29.803
1926-05-01,30.021763
1926-06-01,29.169249
1926-07-01,28.745918
1926-08-01,28.198034
1926-09-01,28.276272
1926-10-01,28.504818
1926-11-01,28.512936
1926-12-01,27.899298
1927-01-01,27.44031
1927-02-01,28.029505
1927-03-01,28.584406
1927-04-01,29.52725
1927-05-01,29.393488
1927-06-01,28.742596
1927-07-01,28.247292
1927-08-01,28.056738
1927-09-01,28.474834
1927-10-01,28.284159
1927-11-01,28.024084
1927-12-01,27.647673
1928-01-01,27.859325
1928-02-01,27.903261
1928-03-01,28.529121
1928-04-01,29.307507
1928-05-01,29.906073
1928-06-01,28.817951
1928-07-01,28.379217
1928-08-01,27.954226
1928-09-01,28.009146
1928-10-01,28.001444
1928-11-01,28.377247
1928-12-01,27.902267
1929-01-01,27.668509
1929-02-01,27.95156
1929-03-01,28.35759
1929-04-01,29.334612
1929-05-01,29.728024
1929-06-01,28.5209
1929-07-01,27.858353
1929-08-01,27.714676
1929-09-01,28.076988
1929-10-01,28.12476
1929-11-01,28.206469
1929-12-01,27.792612
1930-01-01,27.60198
1930-02-01,27.754742
1930-03-01,28.38803
1930-04-01,29.488575
1930-05-01,29.522984
1930-06-01,28.704182
1930-07-01,28.147371
1930-08-01,28.059093
1930-09-01,28.225555
1930-10-01,28.645168
1930-11-01,28.752151
1930-12-01,27.928123
1931-01-01,27.829367
1931-02-01,28.475788
1931-03-01,29.404419
1931-04-01,30.256145
1931-05-01,30.491352
1931-06-01,29.575863
1931-07-01,28.897926
1931-08-01,28.306065
1931-09-01,28.443155
1931-10-01,28.191265
1931-11-01,27.963058
1931-12-01,27.515976
1932-01-01,26.783892
1932-02-01,27.512262
1932-03-01,28.060139
1932-04-01,29.124638
1932-05-01,29.845167
1932-06-01,29.078455
1932-07-01,28.086805
1932-08-01,28.28818
1932-09-01,28.076277
1932-10-01,28.618877
1932-11-01,28.476578
1932-12-01,27.501638
1933-01-01,27.670654
1933-02-01,27.868595
1933-03-01,28.566824
1933-04-01,29.570839
1933-05-01,29.93538
1933-06-01,28.702585
1933-07-01,28.152002
1933-08-01,28.115232
1933-09-01,28.189098
1933-10-01,28.262068
1933-11-01,28.03713
1933-12-01,27.297724
1934-01-01,27.167215
1934-02-01,27.145573
1934-03-01,27.95543
1934-04-01,29.040535
1934-05-01,29.163065
1934-06-01,28.831276
1934-07-01,28.229141
1934-08-01,28.250645
1934-09-01,28.080626
1934-10-01,28.088547
1934-11-01,28.16747
1934-12-01,27.195267
1935-01-01,27.21307
1935-02-01,27.78968
1935-03-01,28.548094
1935-04-01,29.417011
1935-05-01,29.624884
1935-06-01,28.749306
1935-07-01,27.898157
1935-08-01,27.94451
1935-09-01,27.986467
1935-10-01,28.571072
1935-11-01,28.454113
1935-12-01,28.090595
1936-01-01,27.676575
1936-02-01,28.10042
1936-03-01,28.808233
1936-04-01,29.577587
1936-05-01,29.738363
1936-06-01,28.638004
1936-07-01,28.211836
1936-08-01,27.99328
1936-09-01,28.403381
1936-10-01,28.308811
1936-11-01,28.268446
1936-12-01,28.329914
1937-01-01,27.801851
1937-02-01,28.131123
1937-03-01,29.151894
1937-04-01,29.862328
1937-05-01,30.063038
1937-06-01,29.274666
1937-07-01,28.23733
1937-08-01,28.173822
1937-09-01,28.147772
1937-10-01,28.388742
1937-11-01,28.374243
1937-12-01,27.939924
1938-01-01,27.719677
1938-02-01,28.29187
1938-03-01,28.934021
1938-04-01,29.582663
1938-05-01,29.498163
1938-06-01,28.656818
1938-07-01,28.112799
1938-08-01,28.227365
1938-09-01,28.216349
1938-10-01,28.106728
1938-11-01,28.082365
1938-12-01,27.452557
1939-01-01,27.162611
1939-02-01,27.58553
1939-03-01,28.723038
1939-04-01,29.307676
1939-05-01,29.485117
1939-06-01,28.609478
1939-07-01,28.007143
1939-08-01,27.902143
1939-09-01,28.224396
1939-10-01,28.500858
1939-11-01,28.91723
1939-12-01,27.282192
1940-01-01,26.579132
1940-02-01,27.394508
1940-03-01,28.608854
1940-04-01,29.451376
1940-05-01,29.470274
1940-06-01,28.81642
1940-07-01,28.228542
1940-08-01,28.194885
1940-09-01,28.4515
1940-10-01,28.936703
1940-11-01,28.807774
1940-12-01,27.513586
1941-01-01,27.77395
1941-02-01,28.187143
1941-03-01,29.180893
1941-04-01,29.82116
1941-05-01,30.420908
1941-06-01,29.446539
1941-07-01,28.936106
1941-08-01,29.0544
1941-09-01,28.835129
1941-10-01,29.107986
1941-11-01,29.184013
1941-12-01,28.632942
1942-01-01,28.229836
1942-02-01,28.41925
1942-03-01,28.5717
1942-04-01,29.52111
1942-05-01,30.218382
1942-06-01,29.112616
1942-07-01,28.59415
1942-08-01,28.401827
1942-09-01,28.427406
1942-10-01,28.490297
1942-11-01,28.803905
1942-12-01,27.009312
1943-01-01,26.939276
1943-02-01,27.350117
1943-03-01,28.056461
1943-04-01,28.944458
1943-05-01,29.157078
1943-06-01,27.83849
1943-07-01,26.6581
1943-08-01,26.84362
1943-09-01,28.159103
1943-10-01,28.949606
1943-11-01,28.812807
1943-12-01,27.841978
1944-01-01,27.583145
1944-02-01,27.699087
1944-03-01,28.212347
1944-04-01,29.030022
1944-05-01,29.70401
1944-06-01,29.101107
1944-07-01,28.72246
1944-08-01,29.052935
1944-09-01,28.934776
1944-10-01,29.393764
1944-11-01,28.890062
1944-12-01,28.418447
1945-01-01,28.206978
1945-02-01,28.184786
1945-03-01,28.732718
1945-04-01,29.701687
1945-05-01,29.773745
1945-06-01,29.423283
1945-07-01,29.061527
1945-08-01,28.442423
1945-09-01,28.248722
1945-10-01,28.295275
1945-11-01,28.123169
1945-12-01,27.64546
1946-01-01,27.395424
1946-02-01,28.14309
1946-03-01,28.909222
1946-04-01,29.655956
1946-05-01,29.877724
1946-06-01,29.06147
1946-07-01,28.535986
1946-08-01,28.238945
1946-09-01,27.9214
1946-10-01,28.440674
1946-11-01,28.102945
1946-12-01,28.016825
1947-01-01,28.070324
1947-02-01,27.944145
1947-03-01,28.516796
1947-04-01,29.19824
1947-05-01,29.2301
1947-06-01,28.81574
1947-07-01,28.601955
1947-08-01,28.597769
1947-09-01,28.272478
1947-10-01,28.17298
1947-11-01,27.866352
1947-12-01,27.300514
1948-01-01,26.976465
1948-02-01,27.817133
1948-03-01,28.599272
1948-04-01,29.253578
1948-05-01,29.651093
1948-06-01,28.936054
1948-07-01,28.113668
1948-08-01,27.959896
1948-09-01,27.917086
1948-10-01,28.240114
1948-11-01,27.70107
1948-12-01,27.032887
1949-01-01,27.035713
1949-02-01,27.699314
1949-03-01,28.46558
1949-04-01,29.460892
1949-05-01,29.550632
1949-06-01,29.066341
1949-07-01,28.474087
1949-08-01,27.947477
1949-09-01,28.127337
1949-10-01,28.064026
1949-11-01,27.947048
1949-12-01,27.408176
1950-01-01,27.232294
1950-02-01,27.755482
1950-03-01,28.503649
1950-04-01,29.345915
1950-05-01,29.687918
1950-06-01,28.534569
1950-07-01,28.043253
1950-08-01,28.05751
1950-09-01,28.064728
1950-10-01,27.955755
1950-11-01,27.85607
1950-12-01,27.29045
1951-01-01,26.836864
1951-02-01,27.254807
1951-03-01,28.455994
1951-04-01,29.619299
1951-05-01,29.742659
1951-06-01,28.735056
1951-07-01,28.508795
1951-08-01,28.125872
1951-09-01,28.472773
1951-10-01,28.688778
1951-11-01,28.495197
1951-12-01,27.791016
1952-01-01,27.509262
1952-02-01,28.042597
1952-03-01,29.083635
1952-04-01,29.887327
1952-05-01,30.046127
1952-06-01,29.021915
1952-07-01,28.453678
1952-08-01,28.090948
1952-09-01,28.12681
1952-10-01,28.26949
1952-11-01,27.947603
1952-12-01,27.198792
1953-01-01,27.280336
1953-02-01,27.857681
1953-03-01,29.006577
1953-04-01,29.770288
1953-05-01,29.934095
1953-06-01,29.18562
1953-07-01,28.566168
1953-08-01,28.301342
1953-09-01,28.067177
1953-10-01,28.53535
1953-11-01,28.378122
1953-12-01,27.741745
1954-01-01,27.651508
1954-02-01,28.051481
1954-03-01,28.660103
1954-04-01,29.710684
1954-05-01,29.87744
1954-06-01,29.113598
1954-07-01,28.72457
1954-08-01,28.429947
1954-09-01,27.929296
1954-10-01,27.999298
1954-11-01,27.924404
1954-12-01,27.154274
1955-01-01,27.08079
1955-02-01,27.440203
1955-03-01,28.505346
1955-04-01,29.242508
1955-05-01,29.57901
1955-06-01,28.661776
1955-07-01,28.477406
1955-08-01,28.498672
1955-09-01,28.50691
1955-10-01,28.230675
1955-11-01,28.14021
1955-12-01,27.115038
1956-01-01,26.76697
1956-02-01,27.468477
1956-03-01,28.746899
1956-04-01,29.703978
1956-05-01,29.39212
1956-06-01,28.779203
1956-07-01,28.128695
1956-08-01,27.932219
1956-09-01,27.871847
1956-10-01,28.079777
1956-11-01,27.938154
1956-12-01,27.07642
1957-01-01,27.032633
1957-02-01,27.671276
1957-03-01,28.388086
1957-04-01,29.526224
1957-05-01,30.37124
1957-06-01,29.42284
1957-07-01,28.823467
1957-08-01,28.480988
1957-09-01,28.532333
1957-10-01,28.553312
1957-11-01,28.801765
1957-12-01,28.089659
1958-01-01,27.62275
1958-02-01,28.008192
1958-03-01,28.925043
1958-04-01,30.046291
1958-05-01,30.323347
1958-06-01,29.358213
1958-07-01,28.732988
1958-08-01,28.643372
1958-09-01,28.366602
1958-10-01,28.597845
1958-11-01,28.131737
1958-12-01,27.395742
1959-01-01,27.275118
1959-02-01,28.111156
1959-03-01,28.717928
1959-04-01,29.489008
1959-05-01,29.995398
1959-06-01,29.51677
1959-07-01,28.678726
1959-08-01,28.082727
1959-09-01,28.067804
1959-10-01,28.167568
1959-11-01,28.31027
1959-12-01,27.83067
1960-01-01,27.666769
1960-02-01,27.750975
1960-03-01,29.076464
1960-04-01,29.839851
1960-05-01,30.137114
1960-06-01,28.950552
1960-07-01,28.630125
1960-08-01,28.448889
1960-09-01,28.244274
1960-10-01,28.310587
1960-11-01,28.339352
1960-12-01,27.85005
1961-01-01,27.67134
1961-02-01,27.772055
1961-03-01,28.926678
1961-04-01,29.678686
1961-05-01,29.685226
1961-06-01,28.596989
1961-07-01,27.985256
1961-08-01,27.857424
1961-09-01,27.950468
1961-10-01,28.186367
1961-11-01,28.242859
1961-12-01,27.475761
1962-01-01,26.897684
1962-02-01,26.988178
1962-03-01,28.147264
1962-04-01,29.582594
1962-05-01,30.144464
1962-06-01,29.041853
1962-07-01,28.447918
1962-08-01,28.193565
1962-09-01,28.046366
1962-10-01,28.60121
1962-11-01,28.477938
1962-12-01,27.611795
1963-01-01,27.166824
1963-02-01,27.06012
1963-03-01,27.851463
1963-04-01,29.113932
1963-05-01,29.821644
1963-06-01,28.886564
1963-07-01,28.471693
1963-08-01,28.180635
1963-09-01,28.215204
1963-10-01,28.482704
1963-11-01,28.659836
1963-12-01,27.89185
1964-01-01,27.953873
1964-02-01,28.161076
1964-03-01,28.818771
1964-04-01,29.864832
1964-05-01,29.861727
1964-06-01,29.085476
1964-07-01,28.580786
1964-08-01,28.246634
1964-09-01,28.439566
1964-10-01,28.463665
1964-11-01,27.97594
1964-12-01,27.292156
1965-01-01,26.83047
1965-02-01,27.600765
1965-03-01,28.262594
1965-04-01,29.680927
1965-05-01,29.831186
1965-06-01,28.741894
1965-07-01,28.448578
1965-08-01,28.535969
1965-09-01,28.465786
1965-10-01,28.870955
1965-11-01,28.91004
1965-12-01,28.229519
1966-01-01,28.16579
1966-02-01,28.604912
1966-03-01,29.427578
1966-04-01,30.359583
1966-05-01,30.077469
1966-06-01,29.301031
1966-07-01,28.766413
1966-08-01,28.677172
1966-09-01,28.834576
1966-10-01,28.824188
1966-11-01,28.796188
1966-12-01,28.242859
1967-01-01,27.545307
1967-02-01,27.678932
1967-03-01,28.385939
1967-04-01,29.608273
1967-05-01,29.732056
1967-06-01,28.980106
1967-07-01,28.265945
1967-08-01,27.750566
1967-09-01,28.160582
1967-10-01,28.304705
1967-11-01,28.047691
1967-12-01,27.428144
1968-01-01,27.106342
1968-02-01,27.353106
1968-03-01,28.160252
1968-04-01,29.38601
1968-05-01,29.928528
1968-06-01,29.33828
1968-07-01,28.97272
1968-08-01,28.532976
1968-09-01,28.511066
1968-10-01,28.704468
1968-11-01,28.555536
1968-12-01,28.030495
1969-01-01,28.075161
1969-02-01,28.558653
1969-03-01,29.274132
1969-04-01,30.218454
1969-05-01,30.818598
1969-06-01,29.585165
1969-07-01,28.783588
1969-08-01,28.59493
1969-09-01,28.669344
1969-10-01,29.121893
1969-11-01,28.58514
1969-12-01,27.759817
1970-01-01,27.794039
1970-02-01,27.918352
1970-03-01,29.402655
1970-04-01,30.219744
1970-05-01,30.452044
1970-06-01,29.917055
1970-07-01,29.227783
1970-08-01,28.810446
1970-09-01,28.714682
1970-10-01,28.644451
1970-11-01,28.38198
1970-12-01,27.900715
1971-01-01,27.616726
1971-02-01,27.921661
1971-03-01,28.537844
1971-04-01,29.486254
1971-05-01,29.451803
1971-06-01,28.860075
1971-07-01,28.389326
1971-08-01,28.421638
1971-09-01,28.758478
1971-10-01,28.174204
1971-11-01,27.930698
1971-12-01,27.478334
1972-01-01,27.192125
1972-02-01,27.859657
1972-03-01,28.228395
1972-04-01,29.37709
1972-05-01,30.066381
1972-06-01,29.617664
1972-07-01,28.541674
1972-08-01,28.464209
1972-09-01,28.6917
1972-10-01,29.36922
1972-11-01,29.351753
1972-12-01,28.68808
1973-01-01,28.494785
1973-02-01,28.576931
1973-03-01,29.326149
1973-04-01,30.261993
1973-05-01,30.531525
1973-06-01,29.747923
1973-07-01,29.02499
1973-08-01,28.86059
1973-09-01,29.023949
1973-10-01,29.163378
1973-11-01,28.756643
1973-12-01,27.863184
1974-01-01,27.069942
1974-02-01,27.693792
1974-03-01,28.384089
1974-04-01,29.687548
1974-05-01,30.131714
1974-06-01,28.813461
1974-07-01,28.606825
1974-08-01,28.461983
1974-09-01,28.922821
1974-10-01,28.933815
1974-11-01,28.681166
1974-12-01,27.973259
1975-01-01,27.5806
1975-02-01,28.258524
1975-03-01,28.968513
1975-04-01,29.481167
1975-05-01,29.960634
1975-06-01,28.889036
1975-07-01,28.737007
1975-08-01,28.376705
1975-09-01,28.505993
1975-10-01,28.531466
1975-11-01,28.222857
1975-12-01,27.542782
1976-01-01,26.8175
1976-02-01,27.5727
1976-03-01,28.773022
1976-04-01,29.87197
1976-05-01,29.740036
1976-06-01,29.085135
1976-07-01,28.533127
1976-08-01,28.46541
1976-09-01,28.555138
1976-10-01,29.035906
1976-11-01,28.739204
1976-12-01,27.800436
1977-01-01,27.727509
1977-02-01,27.683167
1977-03-01,28.35647
1977-04-01,29.624802
1977-05-01,30.155174
1977-06-01,29.735657
1977-07-01,28.815804
1977-08-01,28.799252
1977-09-01,28.599148
1977-10-01,29.072697
1977-11-01,28.716026
1977-12-01,27.957989
1978-01-01,27.960144
1978-02-01,28.321531
1978-03-01,29.23092
1978-04-01,29.951916
1978-05-01,30.061304
1978-06-01,29.329967
1978-07-01,28.893295
1978-08-01,28.552507
1978-09-01,28.334919
1978-10-01,28.462547
1978-11-01,28.427603
1978-12-01,28.071907
1979-01-01,28.038263
1979-02-01,28.4751
1979-03-01,29.288204
1979-04-01,30.276001
1979-05-01,30.426073
1979-06-01,29.817347
1979-07-01,28.979376
1979-08-01,28.567986
1979-09-01,29.121572
1979-10-01,28.86705
1979-11-01,28.655478
1979-12-01,28.223854
1980-01-01,28.032831
1980-02-01,28.307991
1980-03-01,29.30538
1980-04-01,29.979994
1980-05-01,30.521532
1980-06-01,29.63854
1980-07-01,29.300858
1980-08-01,29.167095
1980-09-01,28.842154
1980-10-01,29.0451
1980-11-01,28.859772
1980-12-01,28.287153
1981-01-01,27.664207
1981-02-01,28.114935
1981-03-01,29.233742
1981-04-01,30.166384
1981-05-01,30.384691
1981-06-01,29.192413
1981-07-01,28.882694
1981-08-01,28.693054
1981-09-01,28.931362
1981-10-01,29.127705
1981-11-01,28.851442
1981-12-01,27.818308
1982-01-01,27.613033
1982-02-01,28.280693
1982-03-01,29.181793
1982-04-01,29.7367
1982-05-01,30.28974
1982-06-01,29.429432
1982-07-01,28.891151
1982-08-01,28.873817
1982-09-01,28.908514
1982-10-01,29.24495
1982-11-01,29.30172
1982-12-01,28.575487
1983-01-01,27.96759
1983-02-01,28.40826
1983-03-01,29.049015
1983-04-01,30.018383
1983-05-01,30.55085
1983-06-01,30.046402
1983-07-01,29.734547
1983-08-01,29.314775
1983-09-01,29.270023
1983-10-01,28.943562
1983-11-01,28.727165
1983-12-01,27.5658
1984-01-01,27.374203
1984-02-01,27.705065
1984-03-01,28.845594
1984-04-01,29.888105
1984-05-01,30.050222
1984-06-01,29.13309
1984-07-01,28.75949
1984-08-01,28.372423
1984-09-01,28.809954
1984-10-01,28.755245
1984-11-01,28.599354
1984-12-01,27.831337
1985-01-01,27.873688
1985-02-01,28.597324
1985-03-01,29.139164
1985-04-01,29.704561
1985-05-01,29.975803
1985-06-01,29.089725
1985-07-01,28.531658
1985-08-01,28.51539
1985-09-01,28.334475
1985-10-01,28.506868
1985-11-01,28.623549
1985-12-01,28.006275
1986-01-01,27.343935
1986-02-01,27.672697
1986-03-01,28.508615
1986-04-01,29.809801
1986-05-01,30.203907
1986-06-01,29.66531
1986-07-01,28.89794
1986-08-01,28.477163
1986-09-01,28.597702
1986-10-01,28.96247
1986-11-01,28.806522
1986-12-01,28.161125
1987-01-01,27.69172
1987-02-01,27.946117
1987-03-01,29.116158
1987-04-01,29.89878
1987-05-01,30.631401
1987-06-01,30.049303
1987-07-01,29.361296
1987-08-01,29.438976
1987-09-01,29.360247
1987-10-01,29.702068
1987-11-01,29.692
1987-12-01,28.74311
1988-01-01,28.300259
1988-02-01,28.99492
1988-03-01,29.745792
1988-04-01,30.328491
1988-05-01,30.428421
1988-06-01,29.83029
1988-07-01,29.485191
1988-08-01,29.444221
1988-09-01,29.59031
1988-10-01,29.115982
1988-11-01,28.442987
1988-12-01,27.610424
1989-01-01,27.7605
1989-02-01,27.96936
1989-03-01,28.79695
1989-04-01,29.648165
1989-05-01,29.821156
1989-06-01,29.244436
1989-07-01,29.009157
1989-08-01,28.90954
1989-09-01,29.086943
1989-10-01,29.023172
1989-11-01,28.975672
1989-12-01,28.001333
1990-01-01,27.938208
1990-02-01,28.380104
1990-03-01,29.333614
1990-04-01,30.217651
1990-05-01,30.360277
1990-06-01,29.546171
1990-07-01,29.253452
1990-08-01,28.75652
1990-09-01,28.819063
1990-10-01,29.132307
1990-11-01,28.847538
1990-12-01,27.948921
1991-01-01,28.03153
1991-02-01,28.640718
1991-03-01,29.439388
1991-04-01,30.282146
1991-05-01,30.868385
1991-06-01,29.770407
1991-07-01,29.2308
1991-08-01,28.956919
1991-09-01,29.207752
1991-10-01,28.99461
1991-11-01,28.606215
1991-12-01,27.987864
1992-01-01,27.820694
1992-02-01,28.073832
1992-03-01,28.998491
1992-04-01,30.038004
1992-05-01,30.638565
1992-06-01,29.846825
1992-07-01,29.20101
1992-08-01,28.654589
1992-09-01,28.737358
1992-10-01,28.791538
1992-11-01,28.177984
1992-12-01,27.767202
1993-01-01,27.693472
1993-02-01,27.704838
1993-03-01,28.725052
1993-04-01,29.793093
1993-05-01,30.46192
1993-06-01,30.067041
1993-07-01,29.549566
1993-08-01,29.016863
1993-09-01,29.006372
1993-10-01,28.805222
1993-11-01,28.839195
1993-12-01,28.024277
1994-01-01,27.666395
1994-02-01,28.291626
1994-03-01,28.630684
1994-04-01,29.672562
1994-05-01,29.764172
1994-06-01,28.853191
1994-07-01,28.195553
1994-08-01,28.293451
1994-09-01,28.385735
1994-10-01,28.951155
1994-11-01,28.5813
1994-12-01,28.203985
1995-01-01,27.81358
1995-02-01,27.990309
1995-03-01,28.773497
1995-04-01,30.217903
1995-05-01,30.13204
1995-06-01,29.774206
1995-07-01,29.406452
1995-08-01,29.023169
1995-09-01,28.696867
1995-10-01,28.872066
1995-11-01,28.696207
1995-12-01,27.818172
1996-01-01,27.395945
1996-02-01,27.549032
1996-03-01,28.79119
1996-04-01,29.63665
1996-05-01,29.862637
1996-06-01,29.506397
1996-07-01,29.398113
1996-08-01,28.805338
1996-09-01,28.806522
1996-10-01,28.833998
1996-11-01,28.74583
1996-12-01,27.952253
1997-01-01,27.662169
1997-02-01,27.951843
1997-03-01,28.955208
1997-04-01,29.942066
1997-05-01,30.146969
1997-06-01,29.828972
1997-07-01,28.990522
1997-08-01,28.803902
1997-09-01,29.14988
1997-10-01,29.638416
1997-11-01,29.361938
1997-12-01,28.773203
1998-01-01,28.59569
1998-02-01,29.046793
1998-03-01,30.064407
1998-04-01,30.678608
1998-05-01,30.786905
1998-06-01,30.246437
1998-07-01,29.589785
1998-08-01,29.75045
1998-09-01,29.64393
1998-10-01,29.704233
1998-11-01,29.336325
1998-12-01,28.441507
1999-01-01,28.194624
1999-02-01,28.576338
1999-03-01,29.433945
1999-04-01,30.243559
1999-05-01,29.811346
1999-06-01,29.02269
1999-07-01,28.732615
1999-08-01,28.608616
1999-09-01,28.655123
1999-10-01,28.770947
1999-11-01,28.660965
1999-12-01,27.945644
2000-01-01,27.684425
2000-02-01,28.058208
2000-03-01,29.09874
2000-04-01,30.045582
2000-05-01,30.027576
2000-06-01,28.929518
2000-07-01,28.64039
2000-08-01,28.829262
2000-09-01,29.043127
2000-10-01,28.97158
2000-11-01,28.732424
2000-12-01,28.046103
2001-01-01,27.763464
2001-02-01,28.249573
2001-03-01,29.161757
2001-04-01,30.400553
2001-05-01,30.585373
2001-06-01,29.528765
2001-07-01,28.768354
2001-08-01,28.75548
2001-09-01,29.025688
2001-10-01,29.257307
2001-11-01,28.924082
2001-12-01,28.327894
2002-01-01,27.861658
2002-02-01,27.694145
2002-03-01,28.976326
2002-04-01,30.025795
2002-05-01,30.326435
2002-06-01,29.693384
2002-07-01,29.489048
2002-08-01,28.8742
2002-09-01,29.014656
2002-10-01,29.371618
2002-11-01,29.277372
2002-12-01,28.967207
2003-01-01,28.217012
2003-02-01,28.537657
2003-03-01,29.50175
2003-04-01,30.425875
2003-05-01,30.496086
2003-06-01,29.700788
2003-07-01,29.385572
2003-08-01,28.991537
2003-09-01,28.943773
2003-10-01,29.036776
2003-11-01,28.978931
2003-12-01,27.954828
2004-01-01,27.686762
2004-02-01,27.934221
2004-03-01,28.832554
2004-04-01,30.067104
2004-05-01,29.807056
2004-06-01,29.103895
2004-07-01,29.096348
2004-08-01,28.742933
2004-09-01,29.012165
2004-10-01,28.849075
2004-11-01,28.829962
2004-12-01,27.94675
2005-01-01,27.605942
2005-02-01,28.395102
2005-03-01,29.02994
2005-04-01,30.040667
2005-05-01,30.478651
2005-06-01,29.744028
2005-07-01,29.267414
2005-08-01,29.23894
2005-09-01,28.90414
2005-10-01,28.860312
2005-11-01,28.763538
2005-12-01,28.04752
2006-01-01,27.731653
2006-02-01,28.182655
2006-03-01,29.096664
2006-04-01,30.144876
2006-05-01,30.494701
2006-06-01,29.749252
2006-07-01,29.12357
2006-08-01,28.768894
2006-09-01,28.89589
2006-10-01,28.986105
2006-11-01,29.19815
2006-12-01,28.69918
2007-01-01,27.73045
2007-02-01,28.062458
2007-03-01,29.011635
2007-04-01,29.826563
2007-05-01,29.98699
2007-06-01,30.047218
2007-07-01,29.197779
2007-08-01,28.740385
2007-09-01,28.79869
2007-10-01,28.735653
2007-11-01,28.47445
2007-12-01,27.874523
2008-01-01,27.975077
2008-02-01,28.188156
2008-03-01,28.693794
2008-04-01,29.888142
2008-05-01,29.745697
2008-06-01,29.149614
2008-07-01,28.783932
2008-08-01,28.655252
2008-09-01,29.250238
2008-10-01,29.462278
2008-11-01,29.013317
2008-12-01,28.227804
2009-01-01,27.26752
2009-02-01,28.162403
2009-03-01,29.552711
2009-04-01,30.194834
2009-05-01,30.336607
2009-06-01,29.626987
2009-07-01,29.408525
2009-08-01,29.134405
2009-09-01,28.948729
2009-10-01,28.99589
2009-11-01,29.0256
2009-12-01,28.486782
2010-01-01,28.541397
2010-02-01,29.175634
2010-03-01,29.888018
2010-04-01,30.727139
2010-05-01,31.05368
2010-06-01,30.392715
2010-07-01,29.866592
2010-08-01,29.407413
2010-09-01,29.54961
2010-10-01,29.480457
2010-11-01,29.352322
2010-12-01,28.430056
2011-01-01,27.950058
2011-02-01,28.043089
2011-03-01,28.890804
2011-04-01,29.38844
2011-05-01,30.3198
2011-06-01,29.482187
2011-07-01,28.947926
2011-08-01,28.963303
2011-09-01,28.735714
2011-10-01,28.862509
2011-11-01,28.821344
2011-12-01,27.960058
2012-01-01,27.87091
2012-02-01,28.22865
2012-03-01,29.105183
2012-04-01,30.160381
2012-05-01,30.27574
2012-06-01,29.21343
2012-07-01,28.808733
2012-08-01,28.910471
2012-09-01,28.666256
2012-10-01,29.051561
2012-11-01,29.290346
2012-12-01,28.958292
2013-01-01,28.355095
2013-02-01,28.385605
2013-03-01,29.361868
2013-04-01,30.439743
2013-05-01,30.703
2013-06-01,29.72119
2013-07-01,28.931461
2013-08-01,28.591951
2013-09-01,28.832167
2013-10-01,28.825737
2013-11-01,29.00674
2013-12-01,27.984457
2014-01-01,27.514078
2014-02-01,27.697563
2014-03-01,28.619663
2014-04-01,30.082767
2014-05-01,31.130085
2014-06-01,30.258512
2014-07-01,29.438486
2014-08-01,29.075365
2014-09-01,29.036358
2014-10-01,29.286852
2014-11-01,29.035671
2014-12-01,28.455254
2015-01-01,28.03577
2015-02-01,28.276512
2015-03-01,29.219952
2015-04-01,30.16612
2015-05-01,30.711414
2015-06-01,30.159634
2015-07-01,29.353313
2015-08-01,29.49718
2015-09-01,29.638533
2015-10-01,29.714354
2015-11-01,29.73081
2015-12-01,29.296665
2016-01-01,28.900736
2016-02-01,28.814402
2016-03-01,29.603292
2016-04-01,30.718563
2016-05-01,31.04981
2016-06-01,29.93354
2016-07-01,29.37309
2016-08-01,29.220879
2016-09-01,28.988325
2016-10-01,29.06099
2016-11-01,29.236914
2016-12-01,28.662148
2017-01-01,28.236279
2017-02-01,28.085634
2017-03-01,29.147295
2017-04-01,29.871103
2017-05-01,30.413757
2017-06-01,29.516808
2017-07-01,29.170015
2017-08-01,29.183123
2017-09-01,29.296501
2017-10-01,29.50015
2017-11-01,29.321882
2017-12-01,28.339163
2018-01-01,27.991405
2018-02-01,28.239439
2018-03-01,29.547152
2018-04-01,30.112099
2018-05-01,30.692722
2018-06-01,29.584743
2018-07-01,29.01321
2018-08-01,28.4901
2018-09-01,28.659973
2018-10-01,29.135035
2018-11-01,29.162205
2018-12-01,28.672642
2019-01-01,28.206762
2019-02-01,28.483635
2019-03-01,29.458616
2019-04-01,30.582026
2019-05-01,30.671043
2019-06-01,30.271173
2019-07-01,29.662214
2019-08-01,28.995367
2019-09-01,29.067736
2019-10-01,29.582397
2019-11-01,29.330034
2019-12-01,28.358109
2020-01-01,28.023325
2020-02-01,28.26152
2020-03-01,29.333216
2020-04-01,30.670513
2020-05-01,30.96739
2020-06-01,30.282804
2020-07-01,30.26188
2020-08-01,29.602016
2020-09-01,29.546257
2020-10-01,29.249659
2020-11-01,28.91494
2020-12-01,28.310017
2021-01-01,27.820284
2021-02-01,28.020018
2021-03-01,29.095663
2021-04-01,30.116625
2021-05-01,30.526434
2021-06-01,29.746252
2021-07-01,29.337826
2021-08-01,29.227972
2021-09-01,29.176392
2021-10-01,29.23018
2021-11-01,29.294573
2021-12-01,28.493656
2022-01-01,28.449917
2022-02-01,28.73411
2022-03-01,29.448002
2022-04-01,30.238144
2022-05-01,29.986736
2022-06-01,29.90482
2022-07-01,29.268715
2022-08-01,29.206219
2022-09-01,29.471563
2022-10-01,29.276552
2022-11-01,28.850397
2022-12-01,28.408178
2023-01-01,27.972506
2023-02-01,28.326872
2023-03-01,28.807188
2023-04-01,30.31995
2023-05-01,30.388672
2023-06-01,29.7651
2023-07-01,29.281477
2023-08-01,29.446688
2023-09-01,29.16327
2023-10-01,29.56893
2023-11-01,29.82473
2023-12-01,29.11414
2024-01-01,28.507286
2024-02-01,29.113321
2024-03-01,29.63546
2024-04-01,30.8527
2024-05-01,31.4124
2024-06-01,30.294994
2024-07-01,29.720963
2024-08-01,29.444378
2024-09-01,29.377752
2024-10-01,29.46173
2024-11-01,29.551687
2024-12-01,28.916624
2025-01-01,28.109283
2025-02-01,28.278597
2025-03-01,29.26496
2025-04-01,30.086082
2025-05-01,30.692493
2025-06-01,29.598724
2025-07-01,29.22326
2025-08-01,29.132536
2025-09-01,28.969688
2025-10-01,29.213842
2025-11-01,28.974491
2025-12-01,28.41513
2026-01-01,28.176958
2026-02-01,28.381744
2026-03-01,29.297733
2026-04-01,30.51239
2026-05-01,30.54981
2026-06-01,29.951313
