date,total,oni
1950-01-01,24.72,-1.53
1950-02-01,25.17,-1.34
1950-03-01,25.75,-1.16
1950-04-01,26.12,-1.18
1950-05-01,26.32,-1.07
1950-06-01,26.31,-0.85
1950-07-01,26.21,-0.54
1950-08-01,25.96,-0.42
1950-09-01,25.76,-0.39
1950-10-01,25.63,-0.44
1950-11-01,25.48,-0.6
1950-12-01,25.34,-0.8
1951-01-01,25.42,-0.82
1951-02-01,25.96,-0.54
1951-03-01,26.74,-0.17
1951-04-01,27.48,0.18
1951-05-01,27.75,0.36
1951-06-01,27.75,0.58
1951-07-01,27.44,0.7
1951-08-01,27.28,0.89
1951-09-01,27.14,0.99
1951-10-01,27.22,1.15
1951-11-01,27.12,1.04
1951-12-01,26.95,0.81
1952-01-01,26.78,0.53
1952-02-01,26.87,0.37
1952-03-01,27.25,0.34
1952-04-01,27.6,0.29
1952-05-01,27.59,0.2
1952-06-01,27.17,0.0
1952-07-01,26.67,-0.08
1952-08-01,26.39,0.0
1952-09-01,26.3,0.15
1952-10-01,26.17,0.1
1952-11-01,26.13,0.04
1952-12-01,26.29,0.15
1953-01-01,26.65,0.4
1953-02-01,27.1,0.6
1953-03-01,27.53,0.63
1953-04-01,27.96,0.66
1953-05-01,28.14,0.75
1953-06-01,27.94,0.77
1953-07-01,27.49,0.75
1953-08-01,27.12,0.73
1953-09-01,26.93,0.78
1953-10-01,26.91,0.84
1953-11-01,26.92,0.84
1953-12-01,26.95,0.81
1954-01-01,27.0,0.76
1954-02-01,26.97,0.47
1954-03-01,26.86,-0.05
1954-04-01,26.89,-0.41
1954-05-01,26.85,-0.54
1954-06-01,26.67,-0.5
1954-07-01,26.1,-0.64
1954-08-01,25.54,-0.84
1954-09-01,25.25,-0.9
1954-10-01,25.3,-0.77
1954-11-01,25.35,-0.73
1954-12-01,25.48,-0.66
1955-01-01,25.57,-0.68
1955-02-01,25.89,-0.62
1955-03-01,26.22,-0.69
1955-04-01,26.5,-0.8
1955-05-01,26.6,-0.79
1955-06-01,26.45,-0.72
1955-07-01,26.06,-0.68
1955-08-01,25.64,-0.75
1955-09-01,25.06,-1.09
1955-10-01,24.65,-1.42
1955-11-01,24.41,-1.67
1955-12-01,24.72,-1.47
1956-01-01,25.23,-1.11
1956-02-01,25.86,-0.76
1956-03-01,26.37,-0.63
1956-04-01,26.82,-0.54
1956-05-01,26.93,-0.52
1956-06-01,26.72,-0.51
1956-07-01,26.23,-0.57
1956-08-01,25.87,-0.55
1956-09-01,25.71,-0.46
1956-10-01,25.67,-0.42
1956-11-01,25.67,-0.43
1956-12-01,25.77,-0.43
1957-01-01,26.09,-0.25
1957-02-01,26.68,0.06
1957-03-01,27.41,0.41
1957-04-01,28.08,0.72
1957-05-01,28.37,0.92
1957-06-01,28.34,1.11
1957-07-01,28.06,1.25
1957-08-01,27.75,1.32
1957-09-01,27.5,1.33
1957-10-01,27.48,1.39
1957-11-01,27.64,1.53
1957-12-01,27.94,1.74
1958-01-01,28.15,1.81
1958-02-01,28.27,1.66
1958-03-01,28.26,1.27
1958-04-01,28.28,0.93
1958-05-01,28.19,0.74
1958-06-01,27.87,0.64
1958-07-01,27.38,0.57
1958-08-01,26.85,0.43
1958-09-01,26.56,0.39
1958-10-01,26.53,0.44
1958-11-01,26.6,0.5
1958-12-01,26.81,0.61
1959-01-01,26.95,0.61
1959-02-01,27.24,0.62
1959-03-01,27.51,0.52
1959-04-01,27.68,0.33
1959-05-01,27.65,0.2
1959-06-01,27.16,-0.07
1959-07-01,26.63,-0.18
1959-08-01,26.15,-0.28
1959-09-01,26.08,-0.09
1959-10-01,26.07,-0.03
1959-11-01,26.15,0.05
1959-12-01,26.16,-0.04
1960-01-01,26.24,-0.1
1960-02-01,26.51,-0.1
1960-03-01,26.92,-0.07
1960-04-01,27.39,0.03
1960-05-01,27.47,0.02
1960-06-01,27.26,0.03
1960-07-01,26.93,0.13
1960-08-01,26.66,0.24
1960-09-01,26.44,0.27
1960-10-01,26.3,0.2
1960-11-01,26.23,0.12
1960-12-01,26.23,0.05
1961-01-01,26.34,0.04
1961-02-01,26.58,0.03
1961-03-01,26.96,0.04
1961-04-01,27.35,0.09
1961-05-01,27.59,0.23
1961-06-01,27.42,0.27
1961-07-01,26.9,0.14
1961-08-01,26.27,-0.13
1961-09-01,25.89,-0.3
1961-10-01,25.85,-0.26
1961-11-01,25.91,-0.19
1961-12-01,26.0,-0.16
1962-01-01,26.05,-0.24
1962-02-01,26.32,-0.22
1962-03-01,26.71,-0.2
1962-04-01,27.0,-0.26
1962-05-01,27.09,-0.28
1962-06-01,26.96,-0.2
1962-07-01,26.72,-0.04
1962-08-01,26.34,-0.07
1962-09-01,26.07,-0.11
1962-10-01,25.88,-0.22
1962-11-01,25.79,-0.31
1962-12-01,25.73,-0.43
1963-01-01,25.89,-0.4
1963-02-01,26.39,-0.15
1963-03-01,27.07,0.15
1963-04-01,27.53,0.27
1963-05-01,27.68,0.31
1963-06-01,27.67,0.52
1963-07-01,27.62,0.86
1963-08-01,27.54,1.14
1963-09-01,27.4,1.22
1963-10-01,27.4,1.29
1963-11-01,27.47,1.37
1963-12-01,27.47,1.31
1964-01-01,27.36,1.07
1964-02-01,27.16,0.62
1964-03-01,27.03,0.12
1964-04-01,26.93,-0.33
1964-05-01,26.78,-0.58
1964-06-01,26.57,-0.58
1964-07-01,26.16,-0.6
1964-08-01,25.74,-0.66
1964-09-01,25.42,-0.76
1964-10-01,25.31,-0.8
1964-11-01,25.28,-0.82
1964-12-01,25.38,-0.78
1965-01-01,25.69,-0.59
1965-02-01,26.27,-0.28
1965-03-01,26.85,-0.07
1965-04-01,27.44,0.18
1965-05-01,27.82,0.46
1965-06-01,27.99,0.83
1965-07-01,27.98,1.22
1965-08-01,27.95,1.54
1965-09-01,28.04,1.85
1965-10-01,28.09,1.98
1965-11-01,28.07,1.97
1965-12-01,27.91,1.72
1966-01-01,27.72,1.37
1966-02-01,27.81,1.17
1966-03-01,27.98,0.98
1966-04-01,27.97,0.66
1966-05-01,27.78,0.35
1966-06-01,27.5,0.24
1966-07-01,27.14,0.24
1966-08-01,26.69,0.12
1966-09-01,26.32,-0.05
1966-10-01,26.24,-0.1
1966-11-01,26.16,-0.18
1966-12-01,26.04,-0.3
1967-01-01,26.01,-0.41
1967-02-01,26.17,-0.48
1967-03-01,26.46,-0.53
1967-04-01,26.87,-0.45
1967-05-01,27.19,-0.24
1967-06-01,27.26,-0.0
1967-07-01,26.95,0.05
1967-08-01,26.41,-0.16
1967-09-01,26.08,-0.3
1967-10-01,25.96,-0.38
1967-11-01,26.0,-0.34
1967-12-01,25.9,-0.44
1968-01-01,25.78,-0.64
1968-02-01,25.91,-0.74
1968-03-01,26.38,-0.62
1968-04-01,26.88,-0.44
1968-05-01,27.39,-0.04
1968-06-01,27.54,0.28
1968-07-01,27.48,0.58
1968-08-01,27.1,0.53
1968-09-01,26.82,0.45
1968-10-01,26.89,0.55
1968-11-01,27.07,0.73
1968-12-01,27.32,0.98
1969-01-01,27.54,1.13
1969-02-01,27.73,1.09
1969-03-01,27.94,0.95
1969-04-01,28.09,0.77
1969-05-01,28.04,0.61
1969-06-01,27.69,0.43
1969-07-01,27.26,0.36
1969-08-01,27.08,0.51
1969-09-01,27.17,0.79
1969-10-01,27.2,0.86
1969-11-01,27.14,0.81
1969-12-01,26.98,0.63
1970-01-01,26.93,0.51
1970-02-01,26.98,0.34
1970-03-01,27.29,0.29
1970-04-01,27.51,0.19
1970-05-01,27.47,0.04
1970-06-01,26.96,-0.3
1970-07-01,26.28,-0.63
1970-08-01,25.81,-0.76
1970-09-01,25.61,-0.77
1970-10-01,25.6,-0.74
1970-11-01,25.48,-0.86
1970-12-01,25.22,-1.15
1971-01-01,25.1,-1.36
1971-02-01,25.32,-1.38
1971-03-01,25.92,-1.12
1971-04-01,26.51,-0.85
1971-05-01,26.73,-0.73
1971-06-01,26.56,-0.74
1971-07-01,26.15,-0.8
1971-08-01,25.86,-0.77
1971-09-01,25.64,-0.82
1971-10-01,25.58,-0.85
1971-11-01,25.46,-0.96
1971-12-01,25.52,-0.9
1972-01-01,25.77,-0.71
1972-02-01,26.35,-0.35
1972-03-01,27.1,0.06
1972-04-01,27.77,0.41
1972-05-01,28.13,0.67
1972-06-01,28.21,0.92
1972-07-01,28.09,1.13
1972-08-01,28.0,1.37
1972-09-01,28.04,1.58
1972-10-01,28.26,1.84
1972-11-01,28.51,2.09
1972-12-01,28.54,2.12
1973-01-01,28.32,1.84
1973-02-01,27.95,1.25
1973-03-01,27.59,0.54
1973-04-01,27.26,-0.1
1973-05-01,26.92,-0.54
1973-06-01,26.42,-0.87
1973-07-01,25.84,-1.11
1973-08-01,25.35,-1.28
1973-09-01,25.01,-1.45
1973-10-01,24.71,-1.71
1973-11-01,24.47,-1.95
1973-12-01,24.38,-2.03
1974-01-01,24.64,-1.84
1974-02-01,25.14,-1.55
1974-03-01,25.82,-1.23
1974-04-01,26.33,-1.03
1974-05-01,26.55,-0.91
1974-06-01,26.52,-0.77
1974-07-01,26.42,-0.53
1974-08-01,26.26,-0.37
1974-09-01,26.06,-0.41
1974-10-01,25.82,-0.61
1974-11-01,25.67,-0.75
1974-12-01,25.78,-0.64
1975-01-01,25.94,-0.54
1975-02-01,26.13,-0.57
1975-03-01,26.39,-0.65
1975-04-01,26.63,-0.73
1975-05-01,26.64,-0.83
1975-06-01,26.31,-0.98
1975-07-01,25.82,-1.13
1975-08-01,25.43,-1.2
1975-09-01,25.09,-1.37
1975-10-01,25.0,-1.43
1975-11-01,24.87,-1.55
1975-12-01,24.75,-1.65
1976-01-01,24.9,-1.56
1976-02-01,25.5,-1.17
1976-03-01,26.28,-0.73
1976-04-01,26.85,-0.47
1976-05-01,27.15,-0.28
1976-06-01,27.22,-0.05
1976-07-01,27.15,0.18
1976-08-01,27.04,0.35
1976-09-01,27.15,0.62
1976-10-01,27.29,0.81
1976-11-01,27.32,0.86
1976-12-01,27.27,0.85
1977-01-01,27.18,0.71
1977-02-01,27.31,0.64
1977-03-01,27.35,0.34
1977-04-01,27.55,0.23
1977-05-01,27.64,0.21
1977-06-01,27.61,0.34
1977-07-01,27.32,0.35
1977-08-01,27.11,0.42
1977-09-01,27.1,0.57
1977-10-01,27.21,0.73
1977-11-01,27.27,0.81
1977-12-01,27.21,0.79
1978-01-01,27.15,0.69
1978-02-01,27.09,0.42
1978-03-01,27.08,0.06
1978-04-01,27.14,-0.18
1978-05-01,27.11,-0.31
1978-06-01,26.98,-0.29
1978-07-01,26.61,-0.36
1978-08-01,26.27,-0.42
1978-09-01,26.11,-0.42
1978-10-01,26.19,-0.29
1978-11-01,26.37,-0.08
1978-12-01,26.43,0.0
1979-01-01,26.5,0.03
1979-02-01,26.75,0.07
1979-03-01,27.22,0.2
1979-04-01,27.6,0.28
1979-05-01,27.66,0.23
1979-06-01,27.32,0.05
1979-07-01,27.0,0.04
1979-08-01,26.86,0.17
1979-09-01,26.86,0.33
1979-10-01,26.94,0.45
1979-11-01,26.98,0.52
1979-12-01,27.06,0.64
1980-01-01,27.06,0.59
1980-02-01,27.13,0.46
1980-03-01,27.35,0.34
1980-04-01,27.7,0.38
1980-05-01,27.9,0.48
1980-06-01,27.73,0.46
1980-07-01,27.22,0.25
1980-08-01,26.72,0.03
1980-09-01,26.46,-0.07
1980-10-01,26.5,0.02
1980-11-01,26.57,0.11
1980-12-01,26.48,-0.01
1981-01-01,26.32,-0.26
1981-02-01,26.32,-0.5
1981-03-01,26.69,-0.47
1981-04-01,27.11,-0.37
1981-05-01,27.31,-0.26
1981-06-01,27.09,-0.29
1981-07-01,26.75,-0.3
1981-08-01,26.5,-0.25
1981-09-01,26.42,-0.16
1981-10-01,26.41,-0.13
1981-11-01,26.37,-0.15
1981-12-01,26.46,-0.08
1982-01-01,26.56,-0.05
1982-02-01,26.9,0.07
1982-03-01,27.35,0.19
1982-04-01,27.95,0.47
1982-05-01,28.23,0.66
1982-06-01,28.1,0.72
1982-07-01,27.83,0.79
1982-08-01,27.81,1.07
1982-09-01,28.16,1.58
1982-10-01,28.5,1.97
1982-11-01,28.7,2.18
1982-12-01,28.76,2.23
1983-01-01,28.79,2.18
1983-02-01,28.75,1.92
1983-03-01,28.71,1.54
1983-04-01,28.76,1.29
1983-05-01,28.63,1.06
1983-06-01,28.1,0.72
1983-07-01,27.36,0.31
1983-08-01,26.66,-0.08
1983-09-01,26.12,-0.46
1983-10-01,25.73,-0.81
1983-11-01,25.52,-1.0
1983-12-01,25.62,-0.91
1984-01-01,26.01,-0.6
1984-02-01,26.41,-0.42
1984-03-01,26.83,-0.34
1984-04-01,27.04,-0.43
1984-05-01,27.06,-0.51
1984-06-01,26.94,-0.45
1984-07-01,26.74,-0.3
1984-08-01,26.59,-0.16
1984-09-01,26.34,-0.24
1984-10-01,25.98,-0.56
1984-11-01,25.61,-0.92
1984-12-01,25.39,-1.14
1985-01-01,25.56,-1.04
1985-02-01,25.98,-0.85
1985-03-01,26.4,-0.77
1985-04-01,26.69,-0.78
1985-05-01,26.79,-0.78
1985-06-01,26.76,-0.63
1985-07-01,26.55,-0.49
1985-08-01,26.29,-0.46
1985-09-01,26.18,-0.4
1985-10-01,26.19,-0.35
1985-11-01,26.25,-0.27
1985-12-01,26.14,-0.36
1986-01-01,26.05,-0.49
1986-02-01,26.28,-0.47
1986-03-01,26.81,-0.31
1986-04-01,27.26,-0.2
1986-05-01,27.44,-0.12
1986-06-01,27.34,-0.04
1986-07-01,27.26,0.22
1986-08-01,27.2,0.44
1986-09-01,27.31,0.71
1986-10-01,27.49,0.94
1986-11-01,27.64,1.14
1986-12-01,27.7,1.22
1987-01-01,27.76,1.23
1987-02-01,27.95,1.19
1987-03-01,28.19,1.06
1987-04-01,28.41,0.95
1987-05-01,28.53,0.97
1987-06-01,28.59,1.22
1987-07-01,28.54,1.51
1987-08-01,28.45,1.7
1987-09-01,28.24,1.65
1987-10-01,28.03,1.48
1987-11-01,27.76,1.25
1987-12-01,27.59,1.11
1988-01-01,27.34,0.81
1988-02-01,27.29,0.54
1988-03-01,27.27,0.14
1988-04-01,27.15,-0.31
1988-05-01,26.69,-0.88
1988-06-01,26.08,-1.3
1988-07-01,25.74,-1.3
1988-08-01,25.65,-1.11
1988-09-01,25.4,-1.19
1988-10-01,25.07,-1.48
1988-11-01,24.71,-1.8
1988-12-01,24.63,-1.85
1989-01-01,24.84,-1.69
1989-02-01,25.32,-1.43
1989-03-01,26.04,-1.08
1989-04-01,26.64,-0.83
1989-05-01,26.99,-0.58
1989-06-01,26.97,-0.4
1989-07-01,26.73,-0.31
1989-08-01,26.48,-0.27
1989-09-01,26.35,-0.24
1989-10-01,26.33,-0.22
1989-11-01,26.34,-0.16
1989-12-01,26.43,-0.05
1990-01-01,26.67,0.14
1990-02-01,26.96,0.21
1990-03-01,27.41,0.28
1990-04-01,27.75,0.29
1990-05-01,27.86,0.29
1990-06-01,27.68,0.31
1990-07-01,27.37,0.33
1990-08-01,27.13,0.38
1990-09-01,26.98,0.39
1990-10-01,26.89,0.35
1990-11-01,26.9,0.4
1990-12-01,26.94,0.41
1991-01-01,27.02,0.41
1991-02-01,27.15,0.26
1991-03-01,27.48,0.22
1991-04-01,27.85,0.26
1991-05-01,28.16,0.45
1991-06-01,28.17,0.64
1991-07-01,27.94,0.73
1991-08-01,27.57,0.64
1991-09-01,27.41,0.62
1991-10-01,27.54,0.79
1991-11-01,27.91,1.21
1991-12-01,28.18,1.53
1992-01-01,28.39,1.71
1992-02-01,28.52,1.63
1992-03-01,28.73,1.48
1992-04-01,28.88,1.29
1992-05-01,28.76,1.06
1992-06-01,28.26,0.73
1992-07-01,27.57,0.37
1992-08-01,27.03,0.09
1992-09-01,26.66,-0.13
1992-10-01,26.5,-0.25
1992-11-01,26.43,-0.28
1992-12-01,26.52,-0.13
1993-01-01,26.77,0.09
1993-02-01,27.18,0.3
1993-03-01,27.75,0.5
1993-04-01,28.27,0.67
1993-05-01,28.4,0.7
1993-06-01,28.1,0.57
1993-07-01,27.53,0.32
1993-08-01,27.19,0.25
1993-09-01,26.94,0.15
1993-10-01,26.85,0.1
1993-11-01,26.75,0.04
1993-12-01,26.71,0.06
1994-01-01,26.74,0.06
1994-02-01,26.95,0.07
1994-03-01,27.43,0.17
1994-04-01,27.9,0.31
1994-05-01,28.12,0.42
1994-06-01,27.94,0.41
1994-07-01,27.65,0.44
1994-08-01,27.37,0.43
1994-09-01,27.35,0.55
1994-10-01,27.49,0.74
1994-11-01,27.71,1.01
1994-12-01,27.74,1.09
1995-01-01,27.64,0.96
1995-02-01,27.61,0.72
1995-03-01,27.79,0.53
1995-04-01,27.9,0.3
1995-05-01,27.84,0.14
1995-06-01,27.5,-0.03
1995-07-01,26.97,-0.24
1995-08-01,26.4,-0.54
1995-09-01,25.99,-0.81
1995-10-01,25.78,-0.97
1995-11-01,25.7,-1.0
1995-12-01,25.66,-0.98
1996-01-01,25.76,-0.9
1996-02-01,26.1,-0.75
1996-03-01,26.65,-0.59
1996-04-01,27.2,-0.39
1996-05-01,27.4,-0.31
1996-06-01,27.23,-0.3
1996-07-01,26.93,-0.27
1996-08-01,26.59,-0.32
1996-09-01,26.39,-0.35
1996-10-01,26.28,-0.4
1996-11-01,26.17,-0.45
1996-12-01,26.09,-0.49
1997-01-01,26.12,-0.5
1997-02-01,26.49,-0.36
1997-03-01,27.14,-0.1
1997-04-01,27.87,0.28
1997-05-01,28.46,0.75
1997-06-01,28.75,1.22
1997-07-01,28.8,1.6
1997-08-01,28.81,1.9
1997-09-01,28.88,2.14
1997-10-01,29.01,2.33
1997-11-01,29.02,2.4
1997-12-01,28.97,2.39
1998-01-01,28.87,2.24
1998-02-01,28.78,1.93
1998-03-01,28.68,1.44
1998-04-01,28.59,0.99
1998-05-01,28.16,0.45
1998-06-01,27.39,-0.13
1998-07-01,26.42,-0.78
1998-08-01,25.79,-1.12
1998-09-01,25.44,-1.31
1998-10-01,25.32,-1.35
1998-11-01,25.14,-1.48
1998-12-01,25.01,-1.57
1999-01-01,25.08,-1.55
1999-02-01,25.55,-1.3
1999-03-01,26.17,-1.07
1999-04-01,26.62,-0.98
1999-05-01,26.68,-1.02
1999-06-01,26.49,-1.04
1999-07-01,26.1,-1.1
1999-08-01,25.8,-1.11
1999-09-01,25.58,-1.16
1999-10-01,25.41,-1.26
1999-11-01,25.16,-1.46
1999-12-01,24.93,-1.65
2000-01-01,24.96,-1.66
2000-02-01,25.44,-1.41
2000-03-01,26.17,-1.07
2000-04-01,26.78,-0.81
2000-05-01,27.0,-0.71
2000-06-01,26.88,-0.64
2000-07-01,26.65,-0.55
2000-08-01,26.4,-0.51
2000-09-01,26.2,-0.55
2000-10-01,26.05,-0.63
2000-11-01,25.88,-0.75
2000-12-01,25.81,-0.74
2001-01-01,25.88,-0.68
2001-02-01,26.26,-0.52
2001-03-01,26.76,-0.44
2001-04-01,27.25,-0.34
2001-05-01,27.49,-0.25
2001-06-01,27.47,-0.12
2001-07-01,27.2,-0.08
2001-08-01,26.86,-0.13
2001-09-01,26.63,-0.19
2001-10-01,26.48,-0.29
2001-11-01,26.37,-0.35
2001-12-01,26.31,-0.31
2002-01-01,26.44,-0.15
2002-02-01,26.81,0.03
2002-03-01,27.29,0.09
2002-04-01,27.8,0.2
2002-05-01,28.18,0.43
2002-06-01,28.24,0.65
2002-07-01,28.06,0.79
2002-08-01,27.85,0.86
2002-09-01,27.83,1.01
2002-10-01,27.97,1.21
2002-11-01,28.03,1.31
2002-12-01,27.76,1.14
2003-01-01,27.51,0.92
2003-02-01,27.41,0.63
2003-03-01,27.58,0.38
2003-04-01,27.56,-0.04
2003-05-01,27.48,-0.26
2003-06-01,27.42,-0.16
2003-07-01,27.35,0.08
2003-08-01,27.2,0.21
2003-09-01,27.08,0.26
2003-10-01,27.05,0.29
2003-11-01,27.07,0.35
2003-12-01,26.97,0.35
2004-01-01,26.95,0.37
2004-02-01,27.08,0.31
2004-03-01,27.43,0.23
2004-04-01,27.76,0.17
2004-05-01,27.91,0.17
2004-06-01,27.87,0.28
2004-07-01,27.74,0.47
2004-08-01,27.63,0.64
2004-09-01,27.52,0.7
2004-10-01,27.44,0.67
2004-11-01,27.38,0.66
2004-12-01,27.3,0.69
2005-01-01,27.22,0.64
2005-02-01,27.36,0.58
2005-03-01,27.65,0.45
2005-04-01,28.02,0.43
2005-05-01,28.03,0.29
2005-06-01,27.69,0.11
2005-07-01,27.21,-0.06
2005-08-01,26.85,-0.14
2005-09-01,26.71,-0.11
2005-10-01,26.48,-0.29
2005-11-01,26.15,-0.57
2005-12-01,25.81,-0.84
2006-01-01,25.8,-0.85
2006-02-01,26.1,-0.77
2006-03-01,26.73,-0.57
2006-04-01,27.31,-0.37
2006-05-01,27.69,-0.14
2006-06-01,27.62,-0.03
2006-07-01,27.4,0.1
2006-08-01,27.26,0.3
2006-09-01,27.3,0.54
2006-10-01,27.48,0.77
2006-11-01,27.62,0.94
2006-12-01,27.56,0.94
2007-01-01,27.3,0.66
2007-02-01,27.09,0.22
2007-03-01,27.18,-0.12
2007-04-01,27.37,-0.32
2007-05-01,27.45,-0.38
2007-06-01,27.18,-0.47
2007-07-01,26.74,-0.56
2007-08-01,26.15,-0.81
2007-09-01,25.69,-1.07
2007-10-01,25.37,-1.34
2007-11-01,25.17,-1.5
2007-12-01,25.02,-1.6
2008-01-01,25.0,-1.64
2008-02-01,25.35,-1.52
2008-03-01,26.01,-1.29
2008-04-01,26.67,-1.01
2008-05-01,26.99,-0.84
2008-06-01,27.04,-0.61
2008-07-01,26.92,-0.37
2008-08-01,26.73,-0.23
2008-09-01,26.52,-0.24
2008-10-01,26.36,-0.35
2008-11-01,26.12,-0.55
2008-12-01,25.88,-0.73
2009-01-01,25.79,-0.85
2009-02-01,26.08,-0.79
2009-03-01,26.68,-0.61
2009-04-01,27.36,-0.33
2009-05-01,27.84,0.01
2009-06-01,27.94,0.28
2009-07-01,27.75,0.45
2009-08-01,27.53,0.58
2009-09-01,27.47,0.71
2009-10-01,27.72,1.01
2009-11-01,28.03,1.36
2009-12-01,28.18,1.56
2010-01-01,28.14,1.5
2010-02-01,28.09,1.22
2010-03-01,28.14,0.84
2010-04-01,28.04,0.35
2010-05-01,27.66,-0.17
2010-06-01,27.0,-0.66
2010-07-01,26.25,-1.05
2010-08-01,25.61,-1.35
2010-09-01,25.21,-1.56
2010-10-01,25.07,-1.64
2010-11-01,25.03,-1.64
2010-12-01,25.02,-1.54
2011-01-01,25.22,-1.31
2011-02-01,25.68,-1.04
2011-03-01,26.37,-0.8
2011-04-01,26.95,-0.62
2011-05-01,27.28,-0.46
2011-06-01,27.21,-0.37
2011-07-01,26.81,-0.43
2011-08-01,26.33,-0.58
2011-09-01,25.93,-0.79
2011-10-01,25.7,-0.96
2011-11-01,25.58,-1.02
2011-12-01,25.58,-0.92
2012-01-01,25.77,-0.72
2012-02-01,26.15,-0.57
2012-03-01,26.71,-0.46
2012-04-01,27.21,-0.36
2012-05-01,27.57,-0.17
2012-06-01,27.64,0.06
2012-07-01,27.54,0.3
2012-08-01,27.32,0.41
2012-09-01,27.13,0.41
2012-10-01,26.98,0.31
2012-11-01,26.73,0.13
2012-12-01,26.41,-0.1
2013-01-01,26.21,-0.29
2013-02-01,26.44,-0.29
2013-03-01,26.96,-0.21
2013-04-01,27.38,-0.19
2013-05-01,27.47,-0.27
2013-06-01,27.24,-0.34
2013-07-01,26.89,-0.35
2013-08-01,26.64,-0.28
2013-09-01,26.51,-0.21
2013-10-01,26.54,-0.13
2013-11-01,26.5,-0.1
2013-12-01,26.35,-0.15
2014-01-01,26.22,-0.28
2014-02-01,26.41,-0.32
2014-03-01,27.03,-0.14
2014-04-01,27.73,0.15
2014-05-01,28.04,0.31
2014-06-01,27.82,0.23
2014-07-01,27.34,0.1
2014-08-01,27.02,0.11
2014-09-01,27.0,0.28
2014-10-01,27.21,0.54
2014-11-01,27.31,0.71
2014-12-01,27.28,0.77
2015-01-01,27.19,0.69
2015-02-01,27.34,0.61
2015-03-01,27.82,0.65
2015-04-01,28.38,0.81
2015-05-01,28.76,1.02
2015-06-01,28.83,1.25
2015-07-01,28.81,1.57
2015-08-01,28.82,1.91
2015-09-01,28.93,2.21
2015-10-01,29.14,2.47
2015-11-01,29.25,2.64
2015-12-01,29.26,2.75
2016-01-01,29.12,2.63
2016-02-01,29.01,2.28
2016-03-01,28.88,1.71
2016-04-01,28.62,1.05
2016-05-01,28.22,0.49
2016-06-01,27.59,0.0
2016-07-01,26.93,-0.31
2016-08-01,26.42,-0.5
2016-09-01,26.14,-0.58
2016-10-01,26.02,-0.64
2016-11-01,26.01,-0.6
2016-12-01,26.06,-0.45
2017-01-01,26.3,-0.19
2017-02-01,26.71,-0.02
2017-03-01,27.35,0.18
2017-04-01,27.89,0.31
2017-05-01,28.13,0.4
2017-06-01,27.97,0.39
2017-07-01,27.43,0.19
2017-08-01,26.84,-0.07
2017-09-01,26.38,-0.34
2017-10-01,26.06,-0.6
2017-11-01,25.84,-0.77
2017-12-01,25.64,-0.86
2018-01-01,25.72,-0.77
2018-02-01,26.02,-0.71
2018-03-01,26.6,-0.57
2018-04-01,27.18,-0.39
2018-05-01,27.61,-0.13
2018-06-01,27.64,0.06
2018-07-01,27.38,0.14
2018-08-01,27.18,0.27
2018-09-01,27.25,0.53
2018-10-01,27.47,0.81
2018-11-01,27.57,0.97
2018-12-01,27.43,0.92
2019-01-01,27.39,0.89
2019-02-01,27.59,0.86
2019-03-01,28.01,0.84
2019-04-01,28.34,0.77
2019-05-01,28.37,0.64
2019-06-01,28.1,0.52
2019-07-01,27.57,0.33
2019-08-01,27.1,0.19
2019-09-01,26.95,0.23
2019-10-01,27.06,0.39
2019-11-01,27.18,0.58
2019-12-01,27.17,0.66
2020-01-01,27.14,0.64
2020-02-01,27.35,0.63
2020-03-01,27.7,0.53
2020-04-01,27.87,0.3
2020-05-01,27.75,0.01
2020-06-01,27.35,-0.23
2020-07-01,26.88,-0.36
2020-08-01,26.38,-0.53
2020-09-01,25.87,-0.85
2020-10-01,25.54,-1.12
2020-11-01,25.4,-1.2
2020-12-01,25.43,-1.08
2021-01-01,25.59,-0.91
2021-02-01,25.94,-0.79
2021-03-01,26.46,-0.71
2021-04-01,27.03,-0.55
2021-05-01,27.35,-0.39
2021-06-01,27.28,-0.3
2021-07-01,26.89,-0.35
2021-08-01,26.46,-0.45
2021-09-01,26.09,-0.63
2021-10-01,25.9,-0.76
2021-11-01,25.69,-0.91
2021-12-01,25.63,-0.87
2022-01-01,25.67,-0.82
2022-02-01,25.94,-0.79
2022-03-01,26.31,-0.86
2022-04-01,26.62,-0.95
2022-05-01,26.84,-0.9
2022-06-01,26.8,-0.78
2022-07-01,26.48,-0.76
2022-08-01,26.04,-0.87
2022-09-01,25.75,-0.97
2022-10-01,25.72,-0.94
2022-11-01,25.76,-0.85
2022-12-01,25.79,-0.71
2023-01-01,25.96,-0.54
2023-02-01,26.44,-0.29
2023-03-01,27.15,-0.02
2023-04-01,27.85,0.27
2023-05-01,28.31,0.57
2023-06-01,28.42,0.84
2023-07-01,28.36,1.12
2023-08-01,28.28,1.37
2023-09-01,28.32,1.6
2023-10-01,28.49,1.83
2023-11-01,28.6,1.99
2023-12-01,28.57,2.06
2024-01-01,28.42,1.92
2024-02-01,28.35,1.62
2024-03-01,28.43,1.26
2024-04-01,28.39,0.82
2024-05-01,28.22,0.49
2024-06-01,27.8,0.22
2024-07-01,27.33,0.08
2024-08-01,26.85,-0.07
2024-09-01,26.55,-0.17
2024-10-01,26.46,-0.21
2024-11-01,26.3,-0.3
2024-12-01,26.09,-0.42
2025-01-01,26.05,-0.45
2025-02-01,26.48,-0.24
2025-03-01,27.11,-0.06
2025-04-01,27.6,0.02
2025-05-01,27.72,-0.02
2025-06-01,27.54,-0.04
2025-07-01,27.1,-0.14
2025-08-01,26.63,-0.28
2025-09-01,26.32,-0.4
2025-10-01,26.16,-0.51
2025-11-01,26.05,-0.55
2025-12-01,25.97,-0.54
2026-01-01,26.13,-0.37
2026-02-01,26.58,-0.14
2026-03-01,27.3,0.13
2026-04-01,28.08,0.51
2026-05-01,28.71,0.98
