date,spei
1901-01-01,
1901-02-01,
1901-03-01,0.03148964047431946
1901-04-01,0.049053557217121124
1901-05-01,0.308410108089447
1901-06-01,0.17445887625217438
1901-07-01,0.11594518274068832
1901-08-01,-0.06803812086582184
1901-09-01,0.15126779675483704
1901-10-01,0.37008053064346313
1901-11-01,0.41809090971946716
1901-12-01,0.3891599476337433
1902-01-01,0.26250967383384705
1902-02-01,-0.5023128986358643
1902-03-01,-0.5187877416610718
1902-04-01,-0.010331075638532639
1902-05-01,-0.8113594651222229
1902-06-01,-1.3011225461959839
1902-07-01,-2.0543100833892822
1902-08-01,-1.290148377418518
1902-09-01,-0.024513231590390205
1902-10-01,0.22654353082180023
1902-11-01,0.2188510149717331
1902-12-01,-0.16328437626361847
1903-01-01,0.34427523612976074
1903-02-01,0.7733266353607178
1903-03-01,-1.12704598903656
1903-04-01,-1.7409040927886963
1903-05-01,-0.8024969100952148
1903-06-01,0.10035184025764465
1903-07-01,0.4511507749557495
1903-08-01,0.17358015477657318
1903-09-01,-0.36466464400291443
1903-10-01,-0.3068550229072571
1903-11-01,-0.7153041362762451
1903-12-01,-0.3436601161956787
1904-01-01,-0.044318173080682755
1904-02-01,1.0718286037445068
1904-03-01,-0.8727738857269287
1904-04-01,0.9727261662483215
1904-05-01,1.4967674016952515
1904-06-01,1.153263807296753
1904-07-01,-0.2747291028499603
1904-08-01,-1.6986472606658936
1904-09-01,-0.6518502235412598
1904-10-01,-0.05280680954456329
1904-11-01,1.5767648220062256
1904-12-01,1.4156607389450073
1905-01-01,1.6823046207427979
1905-02-01,-0.9934747815132141
1905-03-01,0.6573575735092163
1905-04-01,0.12694139778614044
1905-05-01,0.903481662273407
1905-06-01,0.5029005408287048
1905-07-01,0.9251368641853333
1905-08-01,0.16681554913520813
1905-09-01,0.02446768619120121
1905-10-01,-0.5071027874946594
1905-11-01,-0.08614156395196915
1905-12-01,-0.047875527292490005
1906-01-01,0.6358008980751038
1906-02-01,-1.3162187337875366
1906-03-01,-1.7087761163711548
1906-04-01,-1.954023838043213
1906-05-01,-1.483115315437317
1906-06-01,-1.2230788469314575
1906-07-01,-0.2093878835439682
1906-08-01,0.059386249631643295
1906-09-01,0.3670898675918579
1906-10-01,-0.4861483871936798
1906-11-01,-0.5950162410736084
1906-12-01,-1.006044626235962
1907-01-01,-0.13168945908546448
1907-02-01,-0.4484655261039734
1907-03-01,1.9015493392944336
1907-04-01,0.5280046463012695
1907-05-01,1.1691975593566895
1907-06-01,-0.16677089035511017
1907-07-01,-0.16590310633182526
1907-08-01,-1.4936705827713013
1907-09-01,-1.7786797285079956
1907-10-01,-0.9075005054473877
1907-11-01,-0.059150394052267075
1907-12-01,0.7982112765312195
1908-01-01,0.7529358267784119
1908-02-01,-0.029806392267346382
1908-03-01,-0.7874017953872681
1908-04-01,-0.24400146305561066
1908-05-01,0.2627899944782257
1908-06-01,0.6984421610832214
1908-07-01,1.0372108221054077
1908-08-01,1.0085316896438599
1908-09-01,1.1168415546417236
1908-10-01,1.0242303609848022
1908-11-01,1.4683219194412231
1908-12-01,1.3249757289886475
1909-01-01,1.4134615659713745
1909-02-01,-0.00449345912784338
1909-03-01,-0.8128847479820251
1909-04-01,-0.7796555757522583
1909-05-01,-0.7809486985206604
1909-06-01,-1.0180675983428955
1909-07-01,-0.4903719425201416
1909-08-01,0.398792028427124
1909-09-01,0.801809549331665
1909-10-01,0.39935415983200073
1909-11-01,1.8011724948883057
1909-12-01,1.8458174467086792
1910-01-01,2.2682454586029053
1910-02-01,1.1602323055267334
1910-03-01,1.3608486652374268
1910-04-01,0.9275970458984375
1910-05-01,0.2603779733181
1910-06-01,0.6944244503974915
1910-07-01,0.12264248728752136
1910-08-01,0.9920336008071899
1910-09-01,0.7098727226257324
1910-10-01,0.8853773474693298
1910-11-01,0.2553764283657074
1910-12-01,0.21620546281337738
1911-01-01,0.330152302980423
1911-02-01,0.5722094774246216
1911-03-01,-0.9462873339653015
1911-04-01,0.047266002744436264
1911-05-01,1.0139174461364746
1911-06-01,1.2065422534942627
1911-07-01,0.5057182908058167
1911-08-01,-0.9907071590423584
1911-09-01,-1.1981761455535889
1911-10-01,0.40718862414360046
1911-11-01,0.41958293318748474
1911-12-01,0.6954131722450256
1912-01-01,-0.9879480600357056
1912-02-01,-0.20371821522712708
1912-03-01,0.5634585022926331
1912-04-01,-0.013955957256257534
1912-05-01,0.0017249892698600888
1912-06-01,-0.2498112916946411
1912-07-01,0.32932326197624207
1912-08-01,0.8184691071510315
1912-09-01,1.3006175756454468
1912-10-01,0.23162877559661865
1912-11-01,0.8668900728225708
1912-12-01,0.24145609140396118
1913-01-01,1.6152660846710205
1913-02-01,1.6295384168624878
1913-03-01,1.2376688718795776
1913-04-01,-0.39724960923194885
1913-05-01,-0.9522515535354614
1913-06-01,-0.7528329491615295
1913-07-01,0.7505660653114319
1913-08-01,0.42530813813209534
1913-09-01,-0.559678316116333
1913-10-01,-1.574664831161499
1913-11-01,0.5467153191566467
1913-12-01,1.7265934944152832
1914-01-01,2.309497833251953
1914-02-01,1.098446011543274
1914-03-01,0.9666778445243835
1914-04-01,-0.2383216768503189
1914-05-01,-0.3661007881164551
1914-06-01,0.09583908319473267
1914-07-01,0.5067611932754517
1914-08-01,0.42530813813209534
1914-09-01,-0.4166930913925171
1914-10-01,-0.5840059518814087
1914-11-01,-0.6683288812637329
1914-12-01,-0.6733220219612122
1915-01-01,-0.45072314143180847
1915-02-01,0.015562813729047775
1915-03-01,-0.006689873989671469
1915-04-01,0.4576072692871094
1915-05-01,0.028016872704029083
1915-06-01,1.1920377016067505
1915-07-01,1.129561424255371
1915-08-01,1.455818772315979
1915-09-01,0.8920803666114807
1915-10-01,0.26064106822013855
1915-11-01,-0.04835454747080803
1915-12-01,-0.6134562492370605
1916-01-01,0.038775257766246796
1916-02-01,-1.169655442237854
1916-03-01,1.7082278728485107
1916-04-01,0.7227538228034973
1916-05-01,0.7674985527992249
1916-06-01,-0.09893250465393066
1916-07-01,0.43211135268211365
1916-08-01,0.7803965210914612
1916-09-01,-0.3117513954639435
1916-10-01,0.5222384333610535
1916-11-01,0.6976578235626221
1916-12-01,1.5019898414611816
1917-01-01,0.9689773917198181
1917-02-01,-0.9183076620101929
1917-03-01,-1.0913976430892944
1917-04-01,-1.612300157546997
1917-05-01,-1.8930155038833618
1917-06-01,-0.5497881174087524
1917-07-01,0.4848083257675171
1917-08-01,1.9470632076263428
1917-09-01,1.2289553880691528
1917-10-01,1.3947936296463013
1917-11-01,1.1685792207717896
1917-12-01,1.4413594007492065
1918-01-01,1.2695671319961548
1918-02-01,0.1838235855102539
1918-03-01,-0.9202435612678528
1918-04-01,-0.15190501511096954
1918-05-01,0.07661943882703781
1918-06-01,0.49129584431648254
1918-07-01,-0.2517904043197632
1918-08-01,-0.613624095916748
1918-09-01,-1.422168254852295
1918-10-01,-1.322501540184021
1918-11-01,-1.2835469245910645
1918-12-01,-0.7465588450431824
1919-01-01,-0.10621218383312225
1919-02-01,0.0649539977312088
1919-03-01,0.18568095564842224
1919-04-01,1.0674152374267578
1919-05-01,1.2335892915725708
1919-06-01,1.4306036233901978
1919-07-01,1.0461372137069702
1919-08-01,0.14452657103538513
1919-09-01,0.027781285345554352
1919-10-01,-0.6353551745414734
1919-11-01,-0.24325083196163177
1919-12-01,-0.556094229221344
1920-01-01,0.3187863230705261
1920-02-01,-0.8578490018844604
1920-03-01,0.041814886033535004
1920-04-01,-0.5652574896812439
1920-05-01,-1.0120487213134766
1920-06-01,-0.972998321056366
1920-07-01,0.9912537932395935
1920-08-01,1.5658425092697144
1920-09-01,1.5721474885940552
1920-10-01,-0.38076260685920715
1920-11-01,-0.9045073986053467
1920-12-01,-1.2270509004592896
1921-01-01,0.4565957486629486
1921-02-01,1.3854808807373047
1921-03-01,0.2814852297306061
1921-04-01,-0.3547811508178711
1921-05-01,0.3012336492538452
1921-06-01,0.5007928013801575
1921-07-01,0.5688784718513489
1921-08-01,-0.4320794939994812
1921-09-01,-0.9203888177871704
1921-10-01,-0.6204134821891785
1921-11-01,-0.8397729992866516
1921-12-01,-0.5003800392150879
1922-01-01,-1.6326501369476318
1922-02-01,-1.3236852884292603
1922-03-01,-1.5078275203704834
1922-04-01,-1.6866540908813477
1922-05-01,-1.3951258659362793
1922-06-01,-1.329338788986206
1922-07-01,-0.5029606223106384
1922-08-01,-0.797156810760498
1922-09-01,-0.7670841217041016
1922-10-01,-1.3834322690963745
1922-11-01,-0.6521034836769104
1922-12-01,-0.11108388751745224
1923-01-01,1.0639163255691528
1923-02-01,0.9714471697807312
1923-03-01,-0.40755608677864075
1923-04-01,-0.5318207144737244
1923-05-01,-1.237473487854004
1923-06-01,-1.5047976970672607
1923-07-01,0.500499963760376
1923-08-01,1.0872101783752441
1923-09-01,0.5475031137466431
1923-10-01,-0.5042151808738708
1923-11-01,0.49674347043037415
1923-12-01,1.2940348386764526
1924-01-01,1.4616154432296753
1924-02-01,-1.2203640937805176
1924-03-01,-1.5078275203704834
1924-04-01,1.0576564073562622
1924-05-01,0.06418629735708237
1924-06-01,0.05965584143996239
1924-07-01,-0.9653688073158264
1924-08-01,1.2138769626617432
1924-09-01,0.7361705899238586
1924-10-01,0.7106362581253052
1924-11-01,-0.8747296929359436
1924-12-01,-0.4752540588378906
1925-01-01,-0.13168945908546448
1925-02-01,1.2801998853683472
1925-03-01,0.9862871766090393
1925-04-01,-0.14631472527980804
1925-05-01,-1.216915488243103
1925-06-01,-1.329338788986206
1925-07-01,-1.7656264305114746
1925-08-01,-0.8766688704490662
1925-09-01,-1.706589937210083
1925-10-01,-1.345382809638977
1925-11-01,-0.781490683555603
1925-12-01,0.48061448335647583
1926-01-01,0.9278530478477478
1926-02-01,-0.8778984546661377
1926-03-01,-0.3183496594429016
1926-04-01,-1.2601295709609985
1926-05-01,-1.4351577758789062
1926-06-01,-1.9628839492797852
1926-07-01,-1.9727133512496948
1926-08-01,-1.0967683792114258
1926-09-01,0.5528409481048584
1926-10-01,0.8541328310966492
1926-11-01,0.4493602514266968
1926-12-01,-0.35581114888191223
1927-01-01,-0.40779587626457214
1927-02-01,1.7180309295654297
1927-03-01,0.731775164604187
1927-04-01,1.2451115846633911
1927-05-01,-0.5857170820236206
1927-06-01,-0.7154377698898315
1927-07-01,-1.9449352025985718
1927-08-01,-1.199920892715454
1927-09-01,-0.9484535455703735
1927-10-01,-1.0904194116592407
1927-11-01,-1.5095549821853638
1927-12-01,-1.6227517127990723
1928-01-01,-1.4873167276382446
1928-02-01,0.3523560166358948
1928-03-01,-0.01368557196110487
1928-04-01,1.3390395641326904
1928-05-01,0.3036269247531891
1928-06-01,-0.23711183667182922
1928-07-01,-1.7057958841323853
1928-08-01,-1.842910885810852
1928-09-01,-1.5692557096481323
1928-10-01,-1.4301800727844238
1928-11-01,-1.4155113697052002
1928-12-01,-1.1877846717834473
1929-01-01,-1.318832516670227
1929-02-01,-0.514402449131012
1929-03-01,0.5853248238563538
1929-04-01,1.6647436618804932
1929-05-01,0.7770369052886963
1929-06-01,0.5573502779006958
1929-07-01,-1.3436368703842163
1929-08-01,-1.1938786506652832
1929-09-01,-1.9571174383163452
1929-10-01,-1.0871436595916748
1929-11-01,-1.2234348058700562
1929-12-01,-0.4146547317504883
1930-01-01,-1.5501126050949097
1930-02-01,-1.2496216297149658
1930-03-01,-1.4141963720321655
1930-04-01,-1.5399280786514282
1930-05-01,-1.698630452156067
1930-06-01,-1.5710258483886719
1930-07-01,-0.9752513766288757
1930-08-01,0.20342902839183807
1930-09-01,0.6201356649398804
1930-10-01,-0.5229687690734863
1930-11-01,-0.9045073986053467
1930-12-01,-1.3047641515731812
1931-01-01,0.032351117581129074
1931-02-01,-0.20371821522712708
1931-03-01,-0.933252215385437
1931-04-01,-1.1452839374542236
1931-05-01,-0.9821974635124207
1931-06-01,-0.3722767233848572
1931-07-01,-0.5555317997932434
1931-08-01,-0.44243335723876953
1931-09-01,-0.17490190267562866
1931-10-01,0.09874610602855682
1931-11-01,-0.2125001847743988
1931-12-01,-0.8409233093261719
1932-01-01,-1.2586064338684082
1932-02-01,0.1976533830165863
1932-03-01,0.01419764943420887
1932-04-01,-0.2743799388408661
1932-05-01,-0.5087199211120605
1932-06-01,-0.3468576669692993
1932-07-01,-0.4525732100009918
1932-08-01,-0.6240073442459106
1932-09-01,-0.34619036316871643
1932-10-01,0.38580238819122314
1932-11-01,0.8220540881156921
1932-12-01,0.7346041202545166
1933-01-01,0.3541056215763092
1933-02-01,-0.04512406140565872
1933-03-01,-0.49071550369262695
1933-04-01,-0.021214410662651062
1933-05-01,-1.0232179164886475
1933-06-01,-1.4172558784484863
1933-07-01,-0.8302057981491089
1933-08-01,0.3087873160839081
1933-09-01,0.7128039002418518
1933-10-01,0.16242770850658417
1933-11-01,-0.28086161613464355
1933-12-01,-0.34459489583969116
1934-01-01,-0.4620027542114258
1934-02-01,-1.3612241744995117
1934-03-01,1.0930538177490234
1934-04-01,0.2847445607185364
1934-05-01,0.11996874958276749
1934-06-01,-0.8429145216941833
1934-07-01,-1.3560630083084106
1934-08-01,-1.323036551475525
1934-09-01,-1.4243837594985962
1934-10-01,-1.24359929561615
1934-11-01,-1.500380277633667
1934-12-01,-1.26350998878479
1935-01-01,-1.0860146284103394
1935-02-01,-0.9934747815132141
1935-03-01,0.109690360724926
1935-04-01,-0.3125511705875397
1935-05-01,-0.13464033603668213
1935-06-01,-0.11385909467935562
1935-07-01,0.4448127746582031
1935-08-01,0.48227041959762573
1935-09-01,-0.22691982984542847
1935-10-01,0.48716339468955994
1935-11-01,0.9078606963157654
1935-12-01,1.6742610931396484
1936-01-01,1.2246439456939697
1936-02-01,1.3621398210525513
1936-03-01,-0.16806963086128235
1936-04-01,-0.9319536685943604
1936-05-01,-0.6497345566749573
1936-06-01,-0.5463418960571289
1936-07-01,1.1613849401474
1936-08-01,0.5821832418441772
1936-09-01,0.23260842263698578
1936-10-01,-1.5178836584091187
1936-11-01,-1.530873417854309
1936-12-01,-1.6329864263534546
1937-01-01,-0.8318637609481812
1937-02-01,-1.4450522661209106
1937-03-01,-1.617106556892395
1937-04-01,-0.2175406515598297
1937-05-01,0.018010538071393967
1937-06-01,-0.3202800452709198
1937-07-01,-0.418176531791687
1937-08-01,-0.9773927927017212
1937-09-01,-0.7818039059638977
1937-10-01,-1.3001130819320679
1937-11-01,-1.1302273273468018
1937-12-01,-0.7492948174476624
1938-01-01,0.0659014880657196
1938-02-01,0.4354611337184906
1938-03-01,0.3001985251903534
1938-04-01,1.7418105602264404
1938-05-01,1.8575867414474487
1938-06-01,2.327965497970581
1938-07-01,2.3124184608459473
1938-08-01,2.4688720703125
1938-09-01,2.221510887145996
1938-10-01,0.9903058409690857
1938-11-01,0.19673077762126923
1938-12-01,-0.5273309946060181
1939-01-01,0.6224267482757568
1939-02-01,-0.7203738689422607
1939-03-01,-0.6741319894790649
1939-04-01,-0.8396719694137573
1939-05-01,-0.9222145080566406
1939-06-01,-0.5819210410118103
1939-07-01,-0.3206302225589752
1939-08-01,-0.6904376745223999
1939-09-01,-1.7365233898162842
1939-10-01,-2.2312917709350586
1939-11-01,-1.6024316549301147
1939-12-01,-0.8966736197471619
1940-01-01,0.6918383240699768
1940-02-01,-1.3162187337875366
1940-03-01,-1.6796844005584717
1940-04-01,-0.9761713743209839
1940-05-01,-1.0318955183029175
1940-06-01,0.4955191910266876
1940-07-01,0.7072091698646545
1940-08-01,0.38500484824180603
1940-09-01,-1.4479576349258423
1940-10-01,-1.8714447021484375
1940-11-01,-1.8970272541046143
1940-12-01,-1.500681757926941
1941-01-01,-1.2166085243225098
1941-02-01,-0.9183076620101929
1941-03-01,-1.2441619634628296
1941-04-01,-1.4514217376708984
1941-05-01,-0.24813653528690338
1941-06-01,-0.6254289150238037
1941-07-01,-0.7054987549781799
1941-08-01,-1.9748741388320923
1941-09-01,-1.5627920627593994
1941-10-01,-1.7604724168777466
1941-11-01,-1.587515950202942
1941-12-01,-1.5328853130340576
1942-01-01,-0.6686756014823914
1942-02-01,0.8381600379943848
1942-03-01,2.0894651412963867
1942-04-01,1.7007731199264526
1942-05-01,1.313706636428833
1942-06-01,0.31272900104522705
1942-07-01,-0.6375219225883484
1942-08-01,-1.2951382398605347
1942-09-01,-1.436184048652649
1942-10-01,-1.4876834154129028
1942-11-01,-0.24709182977676392
1942-12-01,0.13629353046417236
1943-01-01,1.35443913936615
1943-02-01,-0.9797030091285706
1943-03-01,-0.5551337599754333
1943-04-01,0.10408656299114227
1943-05-01,0.3666297197341919
1943-06-01,0.5718924403190613
1943-07-01,0.05992821604013443
1943-08-01,0.15616746246814728
1943-09-01,0.1944875866174698
1943-10-01,0.8430099487304688
1943-11-01,0.9105777144432068
1943-12-01,0.8622567057609558
1944-01-01,0.6089526414871216
1944-02-01,0.9481180310249329
1944-03-01,0.6149978041648865
1944-04-01,1.0976027250289917
1944-05-01,1.9010450839996338
1944-06-01,2.0553646087646484
1944-07-01,1.310990810394287
1944-08-01,0.10651876777410507
1944-09-01,-1.0248643159866333
1944-10-01,0.32272863388061523
1944-11-01,0.3619334399700165
1944-12-01,1.1955089569091797
1945-01-01,0.6658294200897217
1945-02-01,1.6036666631698608
1945-03-01,1.2395049333572388
1945-04-01,0.6896509528160095
1945-05-01,-0.34683987498283386
1945-06-01,-0.6059801578521729
1945-07-01,-1.285295009613037
1945-08-01,-1.5005110502243042
1945-09-01,-1.2662615776062012
1945-10-01,-1.908224105834961
1945-11-01,-1.8546072244644165
1945-12-01,-2.011993169784546
1946-01-01,-0.6273016333580017
1946-02-01,-1.1124528646469116
1946-03-01,-0.7116295695304871
1946-04-01,0.28642088174819946
1946-05-01,0.2591715455055237
1946-06-01,-0.8350669741630554
1946-07-01,-1.7444727420806885
1946-08-01,-2.400730609893799
1946-09-01,-1.8449862003326416
1946-10-01,-1.7115368843078613
1946-11-01,-1.6597225666046143
1946-12-01,-1.4126949310302734
1947-01-01,-1.3661267757415771
1947-02-01,-0.644057035446167
1947-03-01,-0.7916412353515625
1947-04-01,1.209307074546814
1947-05-01,1.1516798734664917
1947-06-01,0.9537566900253296
1947-07-01,-0.8078483939170837
1947-08-01,-0.6468483209609985
1947-09-01,-0.24791128933429718
1947-10-01,0.1134079173207283
1947-11-01,-0.45690447092056274
1947-12-01,-0.6153026223182678
1948-01-01,-0.9061933159828186
1948-02-01,-0.8846045732498169
1948-03-01,0.6468557119369507
1948-04-01,0.9289001226425171
1948-05-01,1.2020564079284668
1948-06-01,0.45630472898483276
1948-07-01,-0.029247306287288666
1948-08-01,-0.537831723690033
1948-09-01,-0.5296606421470642
1948-10-01,0.2888481616973877
1948-11-01,-0.19711127877235413
1948-12-01,0.12533608078956604
1949-01-01,-1.420674204826355
1949-02-01,-1.056032419204712
1949-03-01,-1.1494187116622925
1949-04-01,-0.5790541768074036
1949-05-01,-0.14989374577999115
1949-06-01,-0.23134057223796844
1949-07-01,0.15382196009159088
1949-08-01,-0.011996745131909847
1949-09-01,-0.6311464905738831
1949-10-01,-0.9857776165008545
1949-11-01,-0.20326782763004303
1949-12-01,0.5897884964942932
1950-01-01,1.2138088941574097
1950-02-01,-0.6756584048271179
1950-03-01,-0.3879944682121277
1950-04-01,0.699774444103241
1950-05-01,1.1144001483917236
1950-06-01,1.4204462766647339
1950-07-01,1.0999892950057983
1950-08-01,0.968597948551178
1950-09-01,0.5107276439666748
1950-10-01,0.8762890696525574
1950-11-01,0.4730930030345917
1950-12-01,0.5754421949386597
1951-01-01,0.07224266231060028
1951-02-01,-0.3955271542072296
1951-03-01,-0.23866800963878632
1951-04-01,-0.41468819975852966
1951-05-01,-0.1983044296503067
1951-06-01,0.8295136094093323
1951-07-01,1.6088075637817383
1951-08-01,1.0249195098876953
1951-09-01,-0.1388743817806244
1951-10-01,-1.0350754261016846
1951-11-01,0.005604751408100128
1951-12-01,0.3210924565792084
1952-01-01,1.0741009712219238
1952-02-01,-0.5326210856437683
1952-03-01,0.484994500875473
1952-04-01,0.19641193747520447
1952-05-01,-0.2583741247653961
1952-06-01,-0.8451554179191589
1952-07-01,-1.0863341093063354
1952-08-01,-0.7174052000045776
1952-09-01,-0.9732199907302856
1952-10-01,1.9098337888717651
1952-11-01,1.7778229713439941
1952-12-01,2.31414532661438
1953-01-01,-0.09439875185489655
1953-02-01,1.9871236085891724
1953-03-01,1.9126136302947998
1953-04-01,0.5526024103164673
1953-05-01,0.9736343622207642
1953-06-01,1.1209670305252075
1953-07-01,2.130223274230957
1953-08-01,1.5124707221984863
1953-09-01,0.8962523341178894
1953-10-01,-0.008590318262577057
1953-11-01,0.20054727792739868
1953-12-01,0.5287023186683655
1954-01-01,0.887700617313385
1954-02-01,-0.5265370011329651
1954-03-01,-0.22742560505867004
1954-04-01,0.24934571981430054
1954-05-01,1.3928768634796143
1954-06-01,1.1946030855178833
1954-07-01,1.4878911972045898
1954-08-01,0.804758608341217
1954-09-01,0.430825412273407
1954-10-01,-0.8176872730255127
1954-11-01,-1.658550500869751
1954-12-01,-1.6853994131088257
1955-01-01,-1.6326501369476318
1955-02-01,-0.00449345912784338
1955-03-01,-0.5349065661430359
1955-04-01,-0.02484796568751335
1955-05-01,-0.13337001204490662
1955-06-01,0.6141875386238098
1955-07-01,0.6087616682052612
1955-08-01,0.8176645040512085
1955-09-01,1.42107093334198
1955-10-01,1.6482107639312744
1955-11-01,1.6641514301300049
1955-12-01,0.7516215443611145
1956-01-01,0.3372254967689514
1956-02-01,-1.2203640937805176
1956-03-01,-0.715812087059021
1956-04-01,-0.09442174434661865
1956-05-01,0.2410430908203125
1956-06-01,1.0435292720794678
1956-07-01,0.9985106587409973
1956-08-01,1.4082175493240356
1956-09-01,1.462263822555542
1956-10-01,1.6757923364639282
1956-11-01,1.3964078426361084
1956-12-01,0.728100597858429
1957-01-01,0.37501710653305054
1957-02-01,0.6420824527740479
1957-03-01,0.988451361656189
1957-04-01,0.9560781121253967
1957-05-01,-1.1071480512619019
1957-06-01,-0.7788175940513611
1957-07-01,-0.3757239878177643
1957-08-01,1.3722652196884155
1957-09-01,2.088141679763794
1957-10-01,2.4692416191101074
1957-11-01,2.046729803085327
1957-12-01,0.9995279908180237
1958-01-01,-0.7626753449440002
1958-02-01,-0.37808290123939514
1958-03-01,-0.9724366664886475
1958-04-01,-0.6383572220802307
1958-05-01,-1.3548568487167358
1958-06-01,-0.4715362787246704
1958-07-01,-0.6125132441520691
1958-08-01,0.44711247086524963
1958-09-01,0.003736530663445592
1958-10-01,-0.18552352488040924
1958-11-01,-0.8347604870796204
1958-12-01,-1.0465017557144165
1959-01-01,-1.0538415908813477
1959-02-01,-0.3036557137966156
1959-03-01,1.0561953783035278
1959-04-01,0.26961949467658997
1959-05-01,-0.22256486117839813
1959-06-01,-1.1536792516708374
1959-07-01,-0.03378162533044815
1959-08-01,-0.3762441575527191
1959-09-01,1.4554450511932373
1959-10-01,0.8338276147842407
1959-11-01,1.0545870065689087
1959-12-01,-0.48828616738319397
1960-01-01,-0.2094486653804779
1960-02-01,0.5722094774246216
1960-03-01,-0.04537104815244675
1960-04-01,-1.4252601861953735
1960-05-01,-0.6931599378585815
1960-06-01,-0.7165728211402893
1960-07-01,-0.38834747672080994
1960-08-01,-1.129227638244629
1960-09-01,-1.0201135873794556
1960-10-01,-0.11327482759952545
1960-11-01,0.6374947428703308
1960-12-01,1.061183214187622
1961-01-01,0.6918383240699768
1961-02-01,0.6528477668762207
1961-03-01,0.2467910349369049
1961-04-01,0.6116098761558533
1961-05-01,1.0908223390579224
1961-06-01,0.9481723308563232
1961-07-01,0.3906017541885376
1961-08-01,0.09477148950099945
1961-09-01,-0.8160568475723267
1961-10-01,-0.9528593420982361
1961-11-01,-1.5095549821853638
1961-12-01,-0.919039249420166
1962-01-01,-0.6726362705230713
1962-02-01,-1.1913118362426758
1962-03-01,-0.09172816574573517
1962-04-01,-0.15190501511096954
1962-05-01,-0.042268503457307816
1962-06-01,-0.7029445171356201
1962-07-01,-1.3280667066574097
1962-08-01,-0.7930190563201904
1962-09-01,0.2592509686946869
1962-10-01,0.25339555740356445
1962-11-01,-0.6180539727210999
1962-12-01,-1.346537470817566
1963-01-01,-1.604202389717102
1963-02-01,-1.3162187337875366
1963-03-01,-0.30304044485092163
1963-04-01,-1.0465946197509766
1963-05-01,-0.5164257287979126
1963-06-01,-0.8182277083396912
1963-07-01,-0.3676901161670685
1963-08-01,-0.06904272735118866
1963-09-01,0.7150007486343384
1963-10-01,0.7942483425140381
1963-11-01,0.9396713972091675
1963-12-01,0.46332183480262756
1964-01-01,0.6466696858406067
1964-02-01,0.06983457505702972
1964-03-01,-0.7535988092422485
1964-04-01,0.0167622659355402
1964-05-01,0.827420175075531
1964-06-01,0.43390190601348877
1964-07-01,1.1026114225387573
1964-08-01,-0.2845820188522339
1964-09-01,0.20829910039901733
1964-10-01,-0.7628350257873535
1964-11-01,-0.7299129366874695
1964-12-01,-0.9029427170753479
1965-01-01,-0.0927150622010231
1965-02-01,1.7164546251296997
1965-03-01,1.6429706811904907
1965-04-01,0.07399916648864746
1965-05-01,0.004232460167258978
1965-06-01,-0.6528405547142029
1965-07-01,-1.0560131072998047
1965-08-01,-0.25996118783950806
1965-09-01,0.6715602874755859
1965-10-01,0.8002085089683533
1965-11-01,-0.012890460900962353
1965-12-01,-0.5096779465675354
1966-01-01,-0.1989661008119583
1966-02-01,0.10370278358459473
1966-03-01,-1.3309738636016846
1966-04-01,-1.2319227457046509
1966-05-01,0.9457823038101196
1966-06-01,1.2836920022964478
1966-07-01,1.568459391593933
1966-08-01,0.4732881486415863
1966-09-01,-0.24875108897686005
1966-10-01,-0.1022125780582428
1966-11-01,-0.4584171772003174
1966-12-01,0.38388535380363464
1967-01-01,0.428415983915329
1967-02-01,1.1551928520202637
1967-03-01,-1.5031160116195679
1967-04-01,-0.11289546638727188
1967-05-01,0.3107999861240387
1967-06-01,-0.27637460827827454
1967-07-01,-0.5418298840522766
1967-08-01,-1.3716721534729004
1967-09-01,-1.4073739051818848
1967-10-01,-0.8603764772415161
1967-11-01,-0.6306566596031189
1967-12-01,0.20083169639110565
1968-01-01,-0.5630794763565063
1968-02-01,1.2893240451812744
1968-03-01,0.874251663684845
1968-04-01,1.124967336654663
1968-05-01,-0.11813610792160034
1968-06-01,0.7798353433609009
1968-07-01,-0.056477755308151245
1968-08-01,-0.48388364911079407
1968-09-01,-1.3955084085464478
1968-10-01,-1.0044900178909302
1968-11-01,-0.8031476736068726
1968-12-01,-0.5217582583427429
1969-01-01,-0.42453455924987793
1969-02-01,0.18844373524188995
1969-03-01,0.21803148090839386
1969-04-01,0.36913803219795227
1969-05-01,0.5277794003486633
1969-06-01,0.5448455810546875
1969-07-01,0.19372038543224335
1969-08-01,0.2235465943813324
1969-09-01,0.2697174847126007
1969-10-01,-0.059442177414894104
1969-11-01,0.6468511819839478
1969-12-01,0.5939988493919373
1970-01-01,1.3083832263946533
1970-02-01,1.4958237409591675
1970-03-01,1.291764497756958
1970-04-01,1.1390916109085083
1970-05-01,0.25192734599113464
1970-06-01,0.8140068054199219
1970-07-01,0.6067259907722473
1970-08-01,1.0278873443603516
1970-09-01,1.510036826133728
1970-10-01,1.5728169679641724
1970-11-01,1.518196940422058
1970-12-01,1.1201412677764893
1971-01-01,1.2525873184204102
1971-02-01,1.7911503314971924
1971-03-01,-0.337572306394577
1971-04-01,-0.017583739012479782
1971-05-01,-0.05992273613810539
1971-06-01,-0.17252996563911438
1971-07-01,-0.2758762836456299
1971-08-01,0.30784913897514343
1971-09-01,0.8927760720252991
1971-10-01,0.6733667254447937
1971-11-01,-0.2563074231147766
1971-12-01,-0.9029427170753479
1972-01-01,-1.316590428352356
1972-02-01,-0.8511887192726135
1972-03-01,-0.24994583427906036
1972-04-01,0.8801465034484863
1972-05-01,-0.18682481348514557
1972-06-01,0.9012392163276672
1972-07-01,-0.20022712647914886
1972-08-01,0.7152215242385864
1972-09-01,1.021596074104309
1972-10-01,0.6117724180221558
1972-11-01,1.0650408267974854
1972-12-01,0.12076647579669952
1973-01-01,1.3239116668701172
1973-02-01,0.8060927391052246
1973-03-01,0.36754944920539856
1973-04-01,-0.8717389106750488
1973-05-01,0.026766739785671234
1973-06-01,-0.13224738836288452
1973-07-01,0.22349603474140167
1973-08-01,-0.3803752064704895
1973-09-01,0.004566460382193327
1973-10-01,0.2837914228439331
1973-11-01,0.8088607788085938
1973-12-01,0.5304105877876282
1974-01-01,0.6965259313583374
1974-02-01,-1.1481117010116577
1974-03-01,1.71341073513031
1974-04-01,1.839596152305603
1974-05-01,1.589154601097107
1974-06-01,0.3138229250907898
1974-07-01,0.04530682414770126
1974-08-01,0.8647319078445435
1974-09-01,1.0993403196334839
1974-10-01,1.6610130071640015
1974-11-01,1.2157862186431885
1974-12-01,1.27229642868042
1975-01-01,0.697695791721344
1975-02-01,1.1900652647018433
1975-03-01,1.1131564378738403
1975-04-01,-0.1073463186621666
1975-05-01,0.7749197483062744
1975-06-01,0.6611119508743286
1975-07-01,0.9027752876281738
1975-08-01,0.27488499879837036
1975-09-01,0.2841818332672119
1975-10-01,0.5661420226097107
1975-11-01,0.34915077686309814
1975-12-01,0.4259375333786011
1976-01-01,-0.2252383828163147
1976-02-01,0.2875329852104187
1976-03-01,1.2631655931472778
1976-04-01,0.11992340534925461
1976-05-01,0.12367192655801773
1976-06-01,-0.8462756276130676
1976-07-01,0.32391461730003357
1976-08-01,1.2839369773864746
1976-09-01,1.3739147186279297
1976-10-01,1.7445950508117676
1976-11-01,1.2567918300628662
1976-12-01,1.3256443738937378
1977-01-01,0.5065853595733643
1977-02-01,-0.07087092101573944
1977-03-01,-0.261258989572525
1977-04-01,-0.7098537683486938
1977-05-01,-1.156124234199524
1977-06-01,-1.6186765432357788
1977-07-01,-1.2758644819259644
1977-08-01,-0.8477884531021118
1977-09-01,-0.261349081993103
1977-10-01,-0.48397815227508545
1977-11-01,-0.4765512943267822
1977-12-01,-0.3903801739215851
1978-01-01,0.39297184348106384
1978-02-01,1.9266157150268555
1978-03-01,1.1603466272354126
1978-04-01,1.5920100212097168
1978-05-01,1.6814671754837036
1978-06-01,1.3586161136627197
1978-07-01,0.561678409576416
1978-08-01,-0.40000900626182556
1978-09-01,0.8655339479446411
1978-10-01,0.7153589725494385
1978-11-01,0.2917821705341339
1978-12-01,-0.6069917678833008
1979-01-01,-1.4161080121994019
1979-02-01,-1.271701455116272
1979-03-01,-1.6362965106964111
1979-04-01,-1.3930540084838867
1979-05-01,-1.1683210134506226
1979-06-01,-0.9983156323432922
1979-07-01,-0.606823742389679
1979-08-01,-0.08815477043390274
1979-09-01,0.17494583129882812
1979-10-01,-1.0350754261016846
1979-11-01,-1.6279423236846924
1979-12-01,-2.1157872676849365
1980-01-01,-1.5174593925476074
1980-02-01,-1.126679539680481
1980-03-01,-1.1225799322128296
1980-04-01,-1.43733549118042
1980-05-01,-1.7971006631851196
1980-06-01,-1.1040971279144287
1980-07-01,-0.6261594891548157
1980-08-01,-0.21495051681995392
1980-09-01,-0.772811233997345
1980-10-01,-0.41356948018074036
1980-11-01,-0.19403253495693207
1980-12-01,0.15907680988311768
1981-01-01,-0.12147193402051926
1981-02-01,0.1976533830165863
1981-03-01,-0.7493876218795776
1981-04-01,0.5769733786582947
1981-05-01,0.41362622380256653
1981-06-01,0.46056005358695984
1981-07-01,-0.4583031237125397
1981-08-01,-0.5824733376502991
1981-09-01,-0.3554280996322632
1981-10-01,-0.4629756212234497
1981-11-01,1.3149398565292358
1981-12-01,1.4130765199661255
1982-01-01,2.0075523853302
1982-02-01,0.3650610148906708
1982-03-01,1.3759363889694214
1982-04-01,1.9706535339355469
1982-05-01,1.401231288909912
1982-06-01,1.0749361515045166
1982-07-01,-0.03718345984816551
1982-08-01,-0.34425899386405945
1982-09-01,-1.2905412912368774
1982-10-01,-1.6277334690093994
1982-11-01,-1.6119452714920044
1982-12-01,-0.9954496622085571
1983-01-01,-0.323438435792923
1983-02-01,-0.19283652305603027
1983-03-01,-1.1673681735992432
1983-04-01,-1.7268394231796265
1983-05-01,-1.5376663208007812
1983-06-01,-1.8392800092697144
1983-07-01,-0.731458306312561
1983-08-01,1.2410873174667358
1983-09-01,1.7744805812835693
1983-10-01,1.8726309537887573
1983-11-01,1.5464961528778076
1983-12-01,1.3844772577285767
1984-01-01,1.2179862260818481
1984-02-01,0.20682232081890106
1984-03-01,-0.07024631649255753
1984-04-01,-0.561318576335907
1984-05-01,-0.7110113501548767
1984-06-01,-0.011965528130531311
1984-07-01,0.7002627849578857
1984-08-01,0.08201804757118225
1984-09-01,-0.20341932773590088
1984-10-01,-0.5172024369239807
1984-11-01,-0.2678210735321045
1984-12-01,-0.5644351243972778
1985-01-01,-0.9416731595993042
1985-02-01,-0.9454782009124756
1985-03-01,-1.1898690462112427
1985-04-01,-0.6999041438102722
1985-05-01,-0.216177299618721
1985-06-01,-0.5784810781478882
1985-07-01,0.8165233731269836
1985-08-01,0.3748634159564972
1985-09-01,0.7673369646072388
1985-10-01,0.10534544289112091
1985-11-01,0.32579323649406433
1985-12-01,0.2737863063812256
1986-01-01,-0.017972568050026894
1986-02-01,-1.4220165014266968
1986-03-01,-1.6651890277862549
1986-04-01,-0.9801932573318481
1986-05-01,0.7344237565994263
1986-06-01,0.49657440185546875
1986-07-01,0.6016322374343872
1986-08-01,-0.8787301778793335
1986-09-01,-0.5321641564369202
1986-10-01,0.24904578924179077
1986-11-01,0.3574240803718567
1986-12-01,0.6847290992736816
1987-01-01,-0.18504412472248077
1987-02-01,-0.209175705909729
1987-03-01,-1.1898690462112427
1987-04-01,-1.2581148147583008
1987-05-01,-0.7834855914115906
1987-06-01,-0.3896040618419647
1987-07-01,-0.7506076693534851
1987-08-01,-1.2961359024047852
1987-09-01,-0.8696066737174988
1987-10-01,-0.5222482085227966
1987-11-01,1.8806891441345215
1987-12-01,1.8240904808044434
1988-01-01,2.2253425121307373
1988-02-01,0.24309353530406952
1988-03-01,-0.16072213649749756
1988-04-01,0.7284640073776245
1988-05-01,1.1115821599960327
1988-06-01,1.1419591903686523
1988-07-01,0.583240807056427
1988-08-01,0.609076201915741
1988-09-01,1.2370128631591797
1988-10-01,1.5870050191879272
1988-11-01,0.671959400177002
1988-12-01,-0.1492915153503418
1989-01-01,-0.314390629529953
1989-02-01,1.511048674583435
1989-03-01,1.1719168424606323
1989-04-01,-0.8116453289985657
1989-05-01,-1.1304490566253662
1989-06-01,-1.1793949604034424
1989-07-01,-1.325987458229065
1989-08-01,-0.8519167304039001
1989-09-01,-0.5471774935722351
1989-10-01,0.16753968596458435
1989-11-01,0.046418994665145874
1989-12-01,0.06207914277911186
1990-01-01,-0.5074543356895447
1990-02-01,-1.3386595249176025
1990-03-01,-0.6122275590896606
1990-04-01,-0.4926169812679291
1990-05-01,0.6243134140968323
1990-06-01,-0.024517901241779327
1990-07-01,-0.3045623004436493
1990-08-01,-1.533665418624878
1990-09-01,-1.4516313076019287
1990-10-01,-0.343486487865448
1990-11-01,-0.11775679886341095
1990-12-01,0.5601998567581177
1991-01-01,-0.49794143438339233
1991-02-01,-0.25323575735092163
1991-03-01,-0.4747525453567505
1991-04-01,-0.251582533121109
1991-05-01,0.3358246982097626
1991-06-01,0.37474387884140015
1991-07-01,0.0935816541314125
1991-08-01,-0.4963279664516449
1991-09-01,-0.441841721534729
1991-10-01,0.44410836696624756
1991-11-01,0.045649368315935135
1991-12-01,0.45898911356925964
1992-01-01,0.37224096059799194
1992-02-01,1.9573079347610474
1992-03-01,0.5961674451828003
1992-04-01,-1.7951570749282837
1992-05-01,-2.386629819869995
1992-06-01,-2.094550132751465
1992-07-01,-0.31603920459747314
1992-08-01,1.1238127946853638
1992-09-01,0.6700790524482727
1992-10-01,0.7569806575775146
1992-11-01,-0.02830769307911396
1992-12-01,0.6225177645683289
1993-01-01,-0.9416731595993042
1993-02-01,-0.17120611667633057
1993-03-01,-0.14607548713684082
1993-04-01,-0.6165812015533447
1993-05-01,-0.6574048399925232
1993-06-01,-1.0486834049224854
1993-07-01,-1.299934983253479
1993-08-01,-0.8292017579078674
1993-09-01,0.4604572653770447
1993-10-01,0.9598895907402039
1993-11-01,0.41137316823005676
1993-12-01,-0.3969172239303589
1994-01-01,-1.3098692893981934
1994-02-01,-0.4603530168533325
1994-03-01,0.058940280228853226
1994-04-01,-0.004899209830909967
1994-05-01,0.8718562126159668
1994-06-01,0.9556159377098083
1994-07-01,1.4621942043304443
1994-08-01,0.7475816607475281
1994-09-01,0.7889217734336853
1994-10-01,0.10241270810365677
1994-11-01,-0.4326708912849426
1994-12-01,-1.0307005643844604
1995-01-01,-1.4298181533813477
1995-02-01,-0.8645206689834595
1995-03-01,-0.5754474401473999
1995-04-01,-0.7357497215270996
1995-05-01,-0.8151558637619019
1995-06-01,-0.7641388177871704
1995-07-01,-0.1761951744556427
1995-08-01,1.048560619354248
1995-09-01,1.7143948078155518
1995-10-01,1.1241285800933838
1995-11-01,0.12172704190015793
1995-12-01,-1.080604076385498
1996-01-01,-0.9626569151878357
1996-02-01,1.2847702503204346
1996-03-01,0.8903999924659729
1996-04-01,0.8357129096984863
1996-05-01,0.3429511785507202
1996-06-01,1.170564889907837
1996-07-01,1.8685328960418701
1996-08-01,1.803179383277893
1996-09-01,2.155391216278076
1996-10-01,1.4878443479537964
1996-11-01,1.2344871759414673
1996-12-01,-0.11015280336141586
1997-01-01,0.09744963049888611
1997-02-01,-0.7526522278785706
1997-03-01,-0.7578132152557373
1997-04-01,-0.9500373601913452
1997-05-01,-1.7267571687698364
1997-06-01,-2.2785279750823975
1997-07-01,-2.481760263442993
1997-08-01,-1.2451305389404297
1997-09-01,-0.053654883056879044
1997-10-01,-0.4186651110649109
1997-11-01,-0.4394923150539398
1997-12-01,-0.8327980041503906
1998-01-01,0.3428671658039093
1998-02-01,-0.49026820063591003
1998-03-01,-1.0647809505462646
1998-04-01,-1.5741080045700073
1998-05-01,-1.341778039932251
1998-06-01,-0.16907435655593872
1998-07-01,0.732893168926239
1998-08-01,1.243114709854126
1998-09-01,0.4402018189430237
1998-10-01,1.3080440759658813
1998-11-01,1.3252371549606323
1998-12-01,1.6088401079177856
1999-01-01,0.7301356196403503
1999-02-01,0.6420824527740479
1999-03-01,0.6885151267051697
1999-04-01,1.8787312507629395
1999-05-01,1.9325597286224365
1999-06-01,1.4554294347763062
1999-07-01,-0.2896442413330078
1999-08-01,-1.0733855962753296
1999-09-01,-1.0619597434997559
1999-10-01,0.3843744397163391
1999-11-01,0.635333240032196
1999-12-01,1.2906497716903687
2000-01-01,0.49616745114326477
2000-02-01,1.7552015781402588
2000-03-01,1.5655750036239624
2000-04-01,2.2739779949188232
2000-05-01,1.6674631834030151
2000-06-01,1.618819236755371
2000-07-01,-0.14533370733261108
2000-08-01,-0.2016860842704773
2000-09-01,-0.6070877909660339
2000-10-01,-0.6025876998901367
2000-11-01,-1.0637446641921997
2000-12-01,-0.9644529223442078
2001-01-01,-0.9795042872428894
2001-02-01,-0.3263549506664276
2001-03-01,1.3974453210830688
2001-04-01,0.10584937036037445
2001-05-01,-0.0864606723189354
2001-06-01,-0.747175395488739
2001-07-01,-0.9257128238677979
2001-08-01,-0.892123281955719
2001-09-01,-1.086310625076294
2001-10-01,0.01644483022391796
2001-11-01,-0.18171460926532745
2001-12-01,0.14176709949970245
2002-01-01,-1.045293927192688
2002-02-01,-1.0630427598953247
2002-03-01,-1.0559316873550415
2002-04-01,-1.0566608905792236
2002-05-01,-0.0788716971874237
2002-06-01,-0.0645391196012497
2002-07-01,-0.3642468750476837
2002-08-01,-1.3468879461288452
2002-09-01,-0.7071555852890015
2002-10-01,-0.425213485956192
2002-11-01,0.7281807065010071
2002-12-01,0.7491952776908875
2003-01-01,1.365708827972412
2003-02-01,0.7296527624130249
2003-03-01,1.8247201442718506
2003-04-01,1.6154239177703857
2003-05-01,0.9437822103500366
2003-06-01,0.9953152537345886
2003-07-01,1.546555995941162
2003-08-01,1.3485945463180542
2003-09-01,0.5061097741127014
2003-10-01,-0.6197012662887573
2003-11-01,-0.9411336779594421
2003-12-01,-1.249124526977539
2004-01-01,-0.9103547930717468
2004-02-01,1.4166005849838257
2004-03-01,0.8881025910377502
2004-04-01,0.04010820388793945
2004-05-01,0.6595861911773682
2004-06-01,0.9012392163276672
2004-07-01,0.5161363482475281
2004-08-01,-0.2999928593635559
2004-09-01,-0.5304951667785645
2004-10-01,-1.2907480001449585
2004-11-01,-1.7902768850326538
2004-12-01,-2.0821421146392822
2005-01-01,-1.6018388271331787
2005-02-01,-1.3236852884292603
2005-03-01,-0.45091602206230164
2005-04-01,0.3363106846809387
2005-05-01,1.0333530902862549
2005-06-01,0.9219769835472107
2005-07-01,0.5503387451171875
2005-08-01,-0.39173993468284607
2005-09-01,0.055081021040678024
2005-10-01,0.7227707505226135
2005-11-01,0.8812755942344666
2005-12-01,0.8606897592544556
2006-01-01,0.34849387407302856
2006-02-01,1.4862066507339478
2006-03-01,1.115152359008789
2006-04-01,1.1716468334197998
2006-05-01,0.9317519068717957
2006-06-01,0.48283740878105164
2006-07-01,-0.08490192890167236
2006-08-01,-1.0346603393554688
2006-09-01,-0.05032147839665413
2006-10-01,-0.15604248642921448
2006-11-01,-0.04835454747080803
2006-12-01,-0.7757012248039246
2007-01-01,-0.26772961020469666
2007-02-01,0.7733266353607178
2007-03-01,0.021126924082636833
2007-04-01,1.0916024446487427
2007-05-01,2.216658115386963
2007-06-01,2.3829362392425537
2007-07-01,2.078125238418579
2007-08-01,0.4804757833480835
2007-09-01,-0.5163028240203857
2007-10-01,-1.1152381896972656
2007-11-01,-1.2234348058700562
2007-12-01,-0.8219518065452576
2008-01-01,-0.5553615689277649
2008-02-01,0.274305135011673
2008-03-01,1.0205672979354858
2008-04-01,0.945766270160675
2008-05-01,0.004232460167258978
2008-06-01,0.8622260689735413
2008-07-01,0.9848893880844116
2008-08-01,1.1752171516418457
2008-09-01,0.08807656168937683
2008-10-01,-0.029219839721918106
2008-11-01,0.10023654997348785
2008-12-01,0.25494584441185
2009-01-01,0.06431372463703156
2009-02-01,-1.3236852884292603
2009-03-01,0.7393038868904114
2009-04-01,0.6457796692848206
2009-05-01,0.38666266202926636
2009-06-01,0.5134243369102478
2009-07-01,0.2815500497817993
2009-08-01,1.26863431930542
2009-09-01,0.9025002717971802
2009-10-01,0.7328588962554932
2009-11-01,-0.5119630694389343
2009-12-01,-0.8544474840164185
2010-01-01,-1.1313750743865967
2010-02-01,-0.7139520645141602
2010-03-01,-0.9637085795402527
2010-04-01,-1.3588263988494873
2010-05-01,-1.156124234199524
2010-06-01,-0.33876895904541016
2010-07-01,0.9232795238494873
2010-08-01,1.4361693859100342
2010-09-01,1.2140170335769653
2010-10-01,1.3863953351974487
2010-11-01,0.5853821635246277
2010-12-01,0.4762970805168152
2011-01-01,-1.1313750743865967
2011-02-01,0.005556188058108091
2011-03-01,2.0109286308288574
2011-04-01,1.8604373931884766
2011-05-01,1.9312562942504883
2011-06-01,1.9593429565429688
2011-07-01,2.358717679977417
2011-08-01,2.127584457397461
2011-09-01,0.9363057613372803
2011-10-01,0.40576478838920593
2011-11-01,-0.6084017753601074
2011-12-01,-0.21090516448020935
2012-01-01,-1.0795649290084839
2012-02-01,0.7296527624130249
2012-03-01,0.5744219422340393
2012-04-01,-0.09995681792497635
2012-05-01,-0.8278021216392517
2012-06-01,-1.3459936380386353
2012-07-01,-0.8469388484954834
2012-08-01,-0.318507581949234
2012-09-01,1.0908756256103516
2012-10-01,0.6296421885490417
2012-11-01,1.2326217889785767
2012-12-01,0.4978453516960144
2013-01-01,1.3582062721252441
2013-02-01,0.9422249794006348
2013-03-01,0.7542675137519836
2013-04-01,0.28306740522384644
2013-05-01,-0.348123699426651
2013-06-01,-0.069120392203331
2013-07-01,-0.0032085508573800325
2013-08-01,0.7549981474876404
2013-09-01,0.9554629921913147
2013-10-01,1.6476974487304688
2013-11-01,1.8957325220108032
2013-12-01,1.6765857934951782
2014-01-01,0.8582318425178528
2014-02-01,-1.1409553289413452
2014-03-01,-0.4548797309398651
2014-04-01,-1.1694613695144653
2014-05-01,-1.5017366409301758
2014-06-01,-1.2969305515289307
2014-07-01,-1.1818089485168457
2014-08-01,0.15810510516166687
2014-09-01,-0.8396289944648743
2014-10-01,-0.32444798946380615
2014-11-01,-0.9418354034423828
2014-12-01,0.123508520424366
2015-01-01,0.10214786976575851
2015-02-01,0.8444913625717163
2015-03-01,0.30330297350883484
2015-04-01,1.1808462142944336
2015-05-01,-0.23918269574642181
2015-06-01,-0.5681570172309875
2015-07-01,-1.5422378778457642
2015-08-01,-0.5440596342086792
2015-09-01,0.27213045954704285
2015-10-01,0.8899138569831848
2015-11-01,0.9925739765167236
2015-12-01,0.9594968557357788
